Customer_ID;Customer_Name;Customer_Age;Customer_Type;Region
CUST-00001;Nandi Nkosi;25;Consumer;Gauteng
CUST-00002;Kagiso Mokoena;26;Small Business;KwaZulu-Natal
CUST-00003;Nandi Mthembu;47;Small Business;KwaZulu-Natal
CUST-00004;Aiden Mokoena;38;Consumer;Free State
CUST-00005;Liam Jacobs;27;Consumer;Gauteng
CUST-00006;Jason Nkosi;24;Consumer;KwaZulu-Natal
CUST-00007;Zanele Dlamini;22;Consumer;Gauteng
CUST-00008;Aiden Khumalo;18;Consumer;Western Cape
CUST-00009;Liam Williams;46;Consumer;Western Cape
CUST-00010;Thabo Mahlangu;49;Small Business;Limpopo
CUST-00011;Kayla Mthethwa;40;Small Business;KwaZulu-Natal
CUST-00012;Chloe Nkosi;18;Small Business;Western Cape
CUST-00013;Aiden Botha;31;Consumer;Free State
CUST-00014;Thabo Molefe;36;Consumer;Western Cape
CUST-00015;Jason Van Wyk;49;Consumer;Gauteng
CUST-00016;Leah Maseko;27;Small Business;Free State
CUST-00017;Jason Botha;42;Consumer;Limpopo
CUST-00018;Jason Mahlangu;36;Consumer;Free State
CUST-00019;Lerato Maseko;33;Consumer;Free State
CUST-00020;Aiden Botha;58;Consumer;Western Cape
CUST-00021;Amahle Pillay;36;Small Business;Free State
CUST-00022;Lerato Mthethwa;34;Consumer;Western Cape
CUST-00023;Ayesha Mahlangu;39;Consumer;KwaZulu-Natal
CUST-00024;Sipho Mokoena;27;Consumer;Gauteng
CUST-00025;Naledi Mokoena;30;Consumer;Gauteng
CUST-00026;Nandi Molefe;52;Consumer;Western Cape
CUST-00027;Mpho Molefe;35;Small Business;Western Cape
CUST-00028;Neo Pretorius;28;Consumer;Western Cape
CUST-00029;Chloe Molefe;25;Small Business;KwaZulu-Natal
CUST-00030;Sipho Mthembu;22;Consumer;Free State
CUST-00031;Thabo Pillay;33;Corporate;Western Cape
CUST-00032;Nandi Ndlovu;48;Small Business;Gauteng
CUST-00033;Leah Maseko;38;Consumer;Free State
CUST-00034;Kayla Sithole;24;Consumer;KwaZulu-Natal
CUST-00035;Leah Jacobs;33;Consumer;Free State
CUST-00036;Leah Maseko;38;Small Business;KwaZulu-Natal
CUST-00037;Nandi Peters;33;Consumer;Western Cape
CUST-00038;Sipho Mabena;41;Consumer;Gauteng
CUST-00039;Ayesha Van Wyk;18;Consumer;Gauteng
CUST-00040;Thabo Mabena;34;Consumer;Gauteng
CUST-00041;Liam Pretorius;60;Consumer;Western Cape
CUST-00042;Jason Dlamini;48;Consumer;Gauteng
CUST-00043;Mia Khumalo;19;Consumer;Gauteng
CUST-00044;Kayla Williams;26;Small Business;Free State
CUST-00045;Chloe Molefe;68;Consumer;Western Cape
CUST-00046;Kayla Mthembu;18;Consumer;Gauteng
CUST-00047;Daniel Jacobs;46;Consumer;Western Cape
CUST-00048;Thabo Nkosi;44;Consumer;Western Cape
CUST-00049;Zanele Maseko;44;Consumer;Gauteng
CUST-00050;Leah Molefe;29;Consumer;KwaZulu-Natal
CUST-00051;Naledi Ndlovu;39;Consumer;Western Cape
CUST-00052;Naledi Mthembu;33;Consumer;Gauteng
CUST-00053;Nandi Mthembu;23;Consumer;Gauteng
CUST-00054;Leah Van Wyk;37;Consumer;KwaZulu-Natal
CUST-00055;Kagiso Mthethwa;31;Consumer;Western Cape
CUST-00056;Leah Maseko;42;Corporate;KwaZulu-Natal
CUST-00057;Nandi Mabena;49;Consumer;Gauteng
CUST-00058;Sipho Sithole;23;Consumer;Limpopo
CUST-00059;Kayla Mthethwa;39;Consumer;Free State
CUST-00060;Ayesha Sithole;53;Consumer;Western Cape
CUST-00061;Ayesha Naidoo;39;Consumer;Western Cape
CUST-00062;Liam Mthethwa;34;Consumer;Western Cape
CUST-00063;Kagiso Molefe;44;Small Business;Western Cape
CUST-00064;Liam Pretorius;30;Consumer;Gauteng
CUST-00065;Nandi Mokoena;59;Consumer;Free State
CUST-00066;Kayla Dlamini;48;Small Business;Gauteng
CUST-00067;Lerato Naidoo;40;Consumer;Gauteng
CUST-00068;Mpho Dlamini;22;Consumer;Western Cape
CUST-00069;Leah Molefe;18;Consumer;Gauteng
CUST-00070;Lerato Dlamini;41;Consumer;Western Cape
CUST-00071;Leah Mthethwa;42;Consumer;Free State
CUST-00072;Ethan Mabena;47;Small Business;Gauteng
CUST-00073;Kagiso Mahlangu;52;Consumer;Western Cape
CUST-00074;Daniel Peters;18;Consumer;KwaZulu-Natal
CUST-00075;Neo Sithole;50;Consumer;Free State
CUST-00076;Liam Mabena;35;Consumer;KwaZulu-Natal
CUST-00077;Mpho Mokoena;40;Consumer;KwaZulu-Natal
CUST-00078;Liam Jacobs;35;Consumer;Limpopo
CUST-00079;Nandi Pillay;37;Consumer;Gauteng
CUST-00080;Daniel Ndlovu;44;Corporate;Western Cape
CUST-00081;Mia Peters;51;Consumer;Limpopo
CUST-00082;Amahle Mthembu;48;Consumer;Western Cape
CUST-00083;Sipho Jacobs;38;Small Business;Free State
CUST-00084;Jason Nkosi;51;Corporate;KwaZulu-Natal
CUST-00085;Kagiso Molefe;24;Consumer;Gauteng
CUST-00086;Daniel Dlamini;39;Consumer;Gauteng
CUST-00087;Thabo Sithole;39;Consumer;Gauteng
CUST-00088;Jason Mabena;30;Consumer;Western Cape
CUST-00089;Jason Naidoo;33;Consumer;Western Cape
CUST-00090;Nandi Molefe;50;Consumer;Gauteng
CUST-00091;Liam Dlamini;44;Corporate;Gauteng
CUST-00092;Kagiso Maseko;39;Small Business;Free State
CUST-00093;Liam Dlamini;34;Consumer;Gauteng
CUST-00094;Jason Molefe;29;Consumer;KwaZulu-Natal
CUST-00095;Lerato Mahlangu;30;Small Business;Gauteng
CUST-00096;Chloe Peters;44;Consumer;Gauteng
CUST-00097;Ayesha Pillay;28;Consumer;Western Cape
CUST-00098;Kagiso Mabena;33;Consumer;Gauteng
CUST-00099;Mpho Peters;35;Small Business;KwaZulu-Natal
CUST-00100;Chloe Peters;41;Corporate;Western Cape
CUST-00101;Lerato Khumalo;28;Small Business;Gauteng
CUST-00102;Thabo Mokoena;50;Small Business;Gauteng
CUST-00103;Liam Peters;51;Consumer;Gauteng
CUST-00104;Nandi Molefe;33;Consumer;Gauteng
CUST-00105;Sipho Khumalo;25;Consumer;Western Cape
CUST-00106;Kayla Naidoo;20;Corporate;Western Cape
CUST-00107;Ayesha Mahlangu;28;Consumer;Western Cape
CUST-00108;Naledi Mabena;26;Consumer;KwaZulu-Natal
CUST-00109;Kagiso Van Wyk;42;Consumer;Western Cape
CUST-00110;Ethan Mthembu;18;Consumer;Gauteng
CUST-00111;Jason Nkosi;27;Consumer;Limpopo
CUST-00112;Nandi Nkosi;36;Consumer;Western Cape
CUST-00113;Liam Maseko;36;Small Business;Gauteng
CUST-00114;Kayla Naidoo;18;Consumer;Gauteng
CUST-00115;Kagiso Pillay;27;Small Business;Gauteng
CUST-00116;Zanele Mabena;37;Small Business;KwaZulu-Natal
CUST-00117;Mpho Van Wyk;40;Small Business;Western Cape
CUST-00118;Jason Maseko;43;Consumer;Gauteng
CUST-00119;Leah Mthembu;36;Consumer;Free State
CUST-00120;Daniel Mokoena;29;Consumer;Western Cape
CUST-00121;Ayesha Van Wyk;52;Consumer;Western Cape
CUST-00122;Ethan Mthembu;30;Consumer;Gauteng
CUST-00123;Lerato Mahlangu;19;Corporate;Western Cape
CUST-00124;Mia Mthethwa;18;Consumer;Limpopo
CUST-00125;Kayla Botha;40;Consumer;Limpopo
CUST-00126;Chloe Botha;30;Consumer;Gauteng
CUST-00127;Daniel Mokoena;29;Consumer;Western Cape
CUST-00128;Kagiso Peters;28;Small Business;KwaZulu-Natal
CUST-00129;Zanele Jacobs;34;Small Business;Western Cape
CUST-00130;Zanele Mthethwa;28;Consumer;Western Cape
CUST-00131;Jason Khumalo;36;Consumer;Free State
CUST-00132;Neo Sithole;27;Consumer;Gauteng
CUST-00133;Liam Khumalo;54;Consumer;Gauteng
CUST-00134;Lerato Sithole;33;Small Business;Western Cape
CUST-00135;Jason Botha;21;Small Business;KwaZulu-Natal
CUST-00136;Mpho Mahlangu;35;Consumer;Gauteng
CUST-00137;Jason Mthethwa;37;Consumer;Western Cape
CUST-00138;Lerato Dlamini;27;Consumer;Gauteng
CUST-00139;Mpho Dlamini;18;Consumer;Western Cape
CUST-00140;Jason Jacobs;37;Consumer;Western Cape
CUST-00141;Thabo Peters;25;Small Business;KwaZulu-Natal
CUST-00142;Liam Pillay;29;Consumer;Limpopo
CUST-00143;Leah Pillay;51;Consumer;Gauteng
CUST-00144;Kayla Mahlangu;35;Consumer;Free State
CUST-00145;Aiden Molefe;52;Consumer;Free State
CUST-00146;Daniel Ndlovu;30;Consumer;KwaZulu-Natal
CUST-00147;Kagiso Ndlovu;42;Consumer;Western Cape
CUST-00148;Nandi Van Wyk;25;Consumer;Limpopo
CUST-00149;Liam Khumalo;33;Consumer;Western Cape
CUST-00150;Aiden Nkosi;41;Small Business;Gauteng
CUST-00151;Neo Maseko;44;Consumer;KwaZulu-Natal
CUST-00152;Mia Maseko;37;Small Business;Gauteng
CUST-00153;Kayla Van Wyk;44;Small Business;Gauteng
CUST-00154;Aiden Maseko;45;Small Business;Gauteng
CUST-00155;Kayla Sithole;35;Consumer;Gauteng
CUST-00156;Ethan Khumalo;28;Consumer;Gauteng
CUST-00157;Thabo Pillay;48;Consumer;Free State
CUST-00158;Mpho Naidoo;32;Consumer;Gauteng
CUST-00159;Ethan Mthethwa;59;Small Business;Gauteng
CUST-00160;Amahle Peters;34;Consumer;Gauteng
CUST-00161;Ayesha Mahlangu;18;Corporate;Gauteng
CUST-00162;Liam Mthethwa;49;Consumer;Western Cape
CUST-00163;Thabo Maseko;35;Consumer;Gauteng
CUST-00164;Lerato Jacobs;37;Consumer;Western Cape
CUST-00165;Neo Molefe;37;Consumer;KwaZulu-Natal
CUST-00166;Aiden Van Wyk;40;Consumer;Gauteng
CUST-00167;Jason Van Wyk;41;Small Business;Limpopo
CUST-00168;Kayla Maseko;25;Small Business;Free State
CUST-00169;Neo Ndlovu;26;Small Business;Gauteng
CUST-00170;Kagiso Mahlangu;33;Consumer;Limpopo
CUST-00171;Neo Williams;45;Consumer;Gauteng
CUST-00172;Aiden Pretorius;42;Small Business;Gauteng
CUST-00173;Mia Williams;30;Consumer;Western Cape
CUST-00174;Neo Dlamini;39;Consumer;Gauteng
CUST-00175;Chloe Mahlangu;30;Consumer;Gauteng
CUST-00176;Neo Mokoena;28;Consumer;KwaZulu-Natal
CUST-00177;Chloe Maseko;36;Small Business;Free State
CUST-00178;Daniel Naidoo;39;Consumer;Western Cape
CUST-00179;Naledi Van Wyk;36;Consumer;Gauteng
CUST-00180;Neo Mthethwa;44;Small Business;Limpopo
CUST-00181;Kayla Mahlangu;36;Consumer;Limpopo
CUST-00182;Ethan Ndlovu;36;Consumer;Western Cape
CUST-00183;Mpho Mabena;35;Corporate;Gauteng
CUST-00184;Naledi Maseko;35;Consumer;Limpopo
CUST-00185;Thabo Mthembu;42;Small Business;Gauteng
CUST-00186;Chloe Khumalo;47;Consumer;Free State
CUST-00187;Nandi Jacobs;23;Consumer;KwaZulu-Natal
CUST-00188;Kayla Dlamini;22;Consumer;KwaZulu-Natal
CUST-00189;Neo Mabena;39;Consumer;Western Cape
CUST-00190;Zanele Maseko;18;Consumer;Gauteng
CUST-00191;Kayla Molefe;27;Consumer;Western Cape
CUST-00192;Amahle Williams;42;Small Business;Limpopo
CUST-00193;Thabo Mthembu;30;Small Business;Free State
CUST-00194;Lerato Pretorius;42;Small Business;Free State
CUST-00195;Ayesha Mahlangu;29;Consumer;Western Cape
CUST-00196;Kayla Mokoena;26;Consumer;Gauteng
CUST-00197;Zanele Nkosi;22;Corporate;Free State
CUST-00198;Thabo Naidoo;45;Consumer;Western Cape
CUST-00199;Naledi Ndlovu;40;Corporate;Western Cape
CUST-00200;Daniel Dlamini;47;Consumer;Western Cape
CUST-00201;Mpho Mthembu;27;Consumer;Gauteng
CUST-00202;Chloe Mokoena;29;Small Business;Gauteng
CUST-00203;Jason Mokoena;45;Consumer;Gauteng
CUST-00204;Aiden Mokoena;36;Consumer;Gauteng
CUST-00205;Mpho Pretorius;42;Consumer;Gauteng
CUST-00206;Mia Maseko;32;Consumer;Western Cape
CUST-00207;Aiden Maseko;49;Consumer;Gauteng
CUST-00208;Kagiso Pillay;45;Consumer;Limpopo
CUST-00209;Sipho Pillay;47;Consumer;Limpopo
CUST-00210;Chloe Peters;19;Consumer;Western Cape
CUST-00211;Lerato Molefe;44;Consumer;Gauteng
CUST-00212;Amahle Mabena;23;Consumer;Gauteng
CUST-00213;Chloe Sithole;25;Consumer;Limpopo
CUST-00214;Aiden Mthethwa;45;Consumer;Western Cape
CUST-00215;Neo Khumalo;31;Consumer;Gauteng
CUST-00216;Lerato Naidoo;42;Consumer;Western Cape
CUST-00217;Kayla Khumalo;35;Small Business;Western Cape
CUST-00218;Amahle Mthethwa;48;Consumer;Western Cape
CUST-00219;Amahle Van Wyk;35;Consumer;Gauteng
CUST-00220;Chloe Mthembu;33;Corporate;Western Cape
CUST-00221;Nandi Williams;25;Small Business;KwaZulu-Natal
CUST-00222;Leah Dlamini;32;Consumer;KwaZulu-Natal
CUST-00223;Thabo Maseko;31;Consumer;Limpopo
CUST-00224;Nandi Pillay;34;Small Business;Free State
CUST-00225;Liam Pretorius;18;Corporate;Gauteng
CUST-00226;Zanele Mthembu;27;Consumer;Western Cape
CUST-00227;Leah Botha;23;Consumer;Gauteng
CUST-00228;Daniel Jacobs;33;Consumer;Limpopo
CUST-00229;Daniel Peters;45;Consumer;Free State
CUST-00230;Mpho Van Wyk;30;Consumer;KwaZulu-Natal
CUST-00231;Zanele Peters;39;Consumer;Gauteng
CUST-00232;Mpho Dlamini;42;Consumer;KwaZulu-Natal
CUST-00233;Leah Mokoena;48;Consumer;Limpopo
CUST-00234;Leah Williams;24;Consumer;Gauteng
CUST-00235;Kayla Dlamini;18;Small Business;Gauteng
CUST-00236;Amahle Pillay;42;Consumer;Gauteng
CUST-00237;Nandi Mabena;18;Consumer;Gauteng
CUST-00238;Kagiso Williams;46;Small Business;Western Cape
CUST-00239;Naledi Williams;32;Small Business;Gauteng
CUST-00240;Amahle Mthembu;39;Small Business;KwaZulu-Natal
CUST-00241;Mia Williams;39;Small Business;Free State
CUST-00242;Neo Ndlovu;31;Consumer;Western Cape
CUST-00243;Zanele Nkosi;62;Consumer;Gauteng
CUST-00244;Kagiso Mabena;33;Small Business;Western Cape
CUST-00245;Zanele Dlamini;33;Consumer;Western Cape
CUST-00246;Liam Dlamini;34;Consumer;Gauteng
CUST-00247;Liam Dlamini;21;Small Business;Gauteng
CUST-00248;Thabo Molefe;50;Consumer;Limpopo
CUST-00249;Kagiso Jacobs;31;Consumer;Western Cape
CUST-00250;Chloe Williams;18;Small Business;Gauteng
CUST-00251;Kayla Botha;30;Consumer;KwaZulu-Natal
CUST-00252;Chloe Mthembu;21;Small Business;KwaZulu-Natal
CUST-00253;Nandi Mokoena;57;Consumer;KwaZulu-Natal
CUST-00254;Lerato Mahlangu;39;Consumer;Limpopo
CUST-00255;Amahle Mahlangu;41;Small Business;Gauteng
CUST-00256;Amahle Van Wyk;42;Small Business;Gauteng
CUST-00257;Kagiso Mabena;20;Consumer;Gauteng
CUST-00258;Lerato Pretorius;36;Consumer;Gauteng
CUST-00259;Amahle Mokoena;33;Consumer;Western Cape
CUST-00260;Jason Sithole;32;Consumer;Limpopo
CUST-00261;Neo Sithole;30;Consumer;Gauteng
CUST-00262;Leah Williams;21;Consumer;Western Cape
CUST-00263;Thabo Peters;44;Consumer;KwaZulu-Natal
CUST-00264;Ethan Peters;28;Consumer;Gauteng
CUST-00265;Thabo Pillay;45;Consumer;Western Cape
CUST-00266;Jason Mthembu;41;Corporate;Gauteng
CUST-00267;Ethan Maseko;18;Consumer;KwaZulu-Natal
CUST-00268;Zanele Botha;39;Consumer;Western Cape
CUST-00269;Leah Botha;18;Corporate;Limpopo
CUST-00270;Nandi Jacobs;44;Consumer;Western Cape
CUST-00271;Liam Williams;34;Small Business;Gauteng
CUST-00272;Liam Peters;21;Consumer;Gauteng
CUST-00273;Kagiso Khumalo;31;Small Business;Western Cape
CUST-00274;Nandi Pretorius;31;Small Business;Western Cape
CUST-00275;Lerato Khumalo;35;Consumer;Gauteng
CUST-00276;Kagiso Van Wyk;34;Consumer;Gauteng
CUST-00277;Amahle Maseko;38;Small Business;Gauteng
CUST-00278;Nandi Williams;42;Consumer;Gauteng
CUST-00279;Thabo Dlamini;38;Consumer;Free State
CUST-00280;Kagiso Mahlangu;32;Small Business;Gauteng
CUST-00281;Neo Pillay;48;Small Business;Limpopo
CUST-00282;Kayla Peters;37;Consumer;Western Cape
CUST-00283;Zanele Peters;47;Consumer;Western Cape
CUST-00284;Lerato Williams;53;Small Business;KwaZulu-Natal
CUST-00285;Nandi Nkosi;44;Consumer;Free State
CUST-00286;Jason Khumalo;42;Small Business;Gauteng
CUST-00287;Mpho Botha;27;Small Business;Western Cape
CUST-00288;Nandi Nkosi;33;Consumer;Gauteng
CUST-00289;Ethan Sithole;40;Consumer;Western Cape
CUST-00290;Sipho Molefe;32;Small Business;Free State
CUST-00291;Neo Peters;31;Small Business;Free State
CUST-00292;Jason Peters;47;Consumer;Limpopo
CUST-00293;Naledi Mthethwa;46;Consumer;Western Cape
CUST-00294;Leah Mabena;29;Consumer;KwaZulu-Natal
CUST-00295;Liam Mahlangu;34;Consumer;Limpopo
CUST-00296;Kagiso Williams;18;Consumer;Western Cape
CUST-00297;Liam Mahlangu;41;Consumer;Gauteng
CUST-00298;Mpho Peters;37;Consumer;Western Cape
CUST-00299;Aiden Khumalo;31;Consumer;KwaZulu-Natal
CUST-00300;Ayesha Williams;57;Consumer;Western Cape
CUST-00301;Mpho Pretorius;60;Small Business;Western Cape
CUST-00302;Kayla Dlamini;28;Consumer;Limpopo
CUST-00303;Sipho Molefe;34;Consumer;Limpopo
CUST-00304;Mpho Mthembu;64;Consumer;Western Cape
CUST-00305;Liam Khumalo;44;Consumer;Free State
CUST-00306;Leah Ndlovu;35;Consumer;KwaZulu-Natal
CUST-00307;Neo Peters;27;Small Business;Western Cape
CUST-00308;Mpho Pillay;35;Small Business;KwaZulu-Natal
CUST-00309;Nandi Jacobs;37;Small Business;Gauteng
CUST-00310;Kayla Ndlovu;23;Consumer;Limpopo
CUST-00311;Nandi Van Wyk;35;Small Business;Western Cape
CUST-00312;Ethan Mahlangu;43;Corporate;Limpopo
CUST-00313;Ayesha Peters;35;Consumer;Gauteng
CUST-00314;Ayesha Sithole;58;Small Business;Gauteng
CUST-00315;Jason Maseko;26;Consumer;Limpopo
CUST-00316;Amahle Mabena;44;Consumer;Gauteng
CUST-00317;Nandi Pillay;47;Consumer;KwaZulu-Natal
CUST-00318;Chloe Botha;29;Corporate;Free State
CUST-00319;Ayesha Maseko;48;Small Business;KwaZulu-Natal
CUST-00320;Mpho Mthembu;43;Consumer;KwaZulu-Natal
CUST-00321;Amahle Molefe;35;Consumer;Gauteng
CUST-00322;Neo Molefe;41;Consumer;Gauteng
CUST-00323;Mia Ndlovu;26;Corporate;Gauteng
CUST-00324;Thabo Mthethwa;34;Consumer;Gauteng
CUST-00325;Ayesha Pillay;36;Consumer;KwaZulu-Natal
CUST-00326;Liam Jacobs;38;Small Business;KwaZulu-Natal
CUST-00327;Kagiso Mokoena;22;Consumer;Gauteng
CUST-00328;Chloe Dlamini;23;Consumer;Western Cape
CUST-00329;Chloe Naidoo;49;Consumer;Western Cape
CUST-00330;Amahle Sithole;48;Consumer;Gauteng
CUST-00331;Ethan Pretorius;53;Corporate;Gauteng
CUST-00332;Aiden Nkosi;43;Consumer;Gauteng
CUST-00333;Aiden Ndlovu;48;Consumer;Gauteng
CUST-00334;Daniel Pillay;33;Small Business;Western Cape
CUST-00335;Chloe Maseko;32;Consumer;Gauteng
CUST-00336;Neo Nkosi;28;Consumer;KwaZulu-Natal
CUST-00337;Jason Van Wyk;51;Corporate;Limpopo
CUST-00338;Thabo Naidoo;37;Corporate;Gauteng
CUST-00339;Thabo Mthembu;32;Consumer;Gauteng
CUST-00340;Lerato Mahlangu;32;Consumer;KwaZulu-Natal
CUST-00341;Jason Sithole;29;Small Business;Gauteng
CUST-00342;Aiden Mokoena;56;Consumer;Western Cape
CUST-00343;Mia Mthembu;26;Consumer;Limpopo
CUST-00344;Chloe Ndlovu;42;Small Business;Free State
CUST-00345;Lerato Mokoena;35;Small Business;Gauteng
CUST-00346;Jason Ndlovu;20;Consumer;KwaZulu-Natal
CUST-00347;Kayla Williams;18;Consumer;Gauteng
CUST-00348;Mia Dlamini;34;Consumer;Gauteng
CUST-00349;Aiden Williams;45;Consumer;Western Cape
CUST-00350;Nandi Mokoena;47;Consumer;Western Cape
CUST-00351;Liam Ndlovu;19;Consumer;Gauteng
CUST-00352;Mpho Mahlangu;27;Small Business;Gauteng
CUST-00353;Mia Williams;34;Consumer;KwaZulu-Natal
CUST-00354;Ayesha Ndlovu;26;Small Business;Gauteng
CUST-00355;Nandi Sithole;33;Consumer;Gauteng
CUST-00356;Liam Mokoena;47;Consumer;Western Cape
CUST-00357;Jason Mabena;61;Consumer;Western Cape
CUST-00358;Chloe Peters;25;Consumer;Gauteng
CUST-00359;Kagiso Molefe;42;Corporate;Gauteng
CUST-00360;Daniel Pillay;40;Small Business;Free State
CUST-00361;Ethan Mabena;34;Corporate;Gauteng
CUST-00362;Kagiso Peters;56;Consumer;Western Cape
CUST-00363;Neo Naidoo;28;Small Business;Gauteng
CUST-00364;Jason Molefe;51;Consumer;Western Cape
CUST-00365;Amahle Jacobs;27;Small Business;Western Cape
CUST-00366;Chloe Peters;43;Small Business;Gauteng
CUST-00367;Chloe Mthembu;49;Consumer;Free State
CUST-00368;Nandi Sithole;35;Consumer;KwaZulu-Natal
CUST-00369;Chloe Dlamini;38;Corporate;Limpopo
CUST-00370;Liam Mthembu;18;Consumer;Free State
CUST-00371;Zanele Molefe;22;Consumer;Gauteng
CUST-00372;Lerato Naidoo;21;Consumer;Gauteng
CUST-00373;Ayesha Maseko;40;Consumer;Limpopo
CUST-00374;Liam Botha;35;Consumer;KwaZulu-Natal
CUST-00375;Ethan Pretorius;46;Consumer;Gauteng
CUST-00376;Mia Ndlovu;49;Small Business;KwaZulu-Natal
CUST-00377;Kayla Maseko;37;Consumer;KwaZulu-Natal
CUST-00378;Jason Ndlovu;52;Consumer;Western Cape
CUST-00379;Kayla Van Wyk;38;Consumer;Western Cape
CUST-00380;Thabo Williams;43;Consumer;KwaZulu-Natal
CUST-00381;Sipho Jacobs;39;Consumer;Western Cape
CUST-00382;Ethan Molefe;34;Small Business;Limpopo
CUST-00383;Mia Mthembu;50;Consumer;Limpopo
CUST-00384;Mia Mabena;46;Consumer;Gauteng
CUST-00385;Ethan Molefe;36;Consumer;Gauteng
CUST-00386;Mpho Peters;36;Small Business;Western Cape
CUST-00387;Aiden Pretorius;22;Consumer;Gauteng
CUST-00388;Amahle Van Wyk;36;Consumer;Western Cape
CUST-00389;Ayesha Jacobs;33;Consumer;Gauteng
CUST-00390;Lerato Pillay;52;Consumer;Limpopo
CUST-00391;Naledi Pillay;39;Consumer;Gauteng
CUST-00392;Neo Mahlangu;35;Consumer;Western Cape
CUST-00393;Kagiso Mthembu;22;Corporate;Free State
CUST-00394;Mpho Pillay;23;Consumer;KwaZulu-Natal
CUST-00395;Thabo Khumalo;43;Corporate;Gauteng
CUST-00396;Ayesha Mokoena;40;Small Business;Gauteng
CUST-00397;Daniel Mthembu;19;Consumer;Gauteng
CUST-00398;Nandi Pretorius;42;Consumer;Free State
CUST-00399;Aiden Nkosi;48;Small Business;Western Cape
CUST-00400;Sipho Jacobs;41;Consumer;Gauteng
CUST-00401;Aiden Sithole;26;Consumer;Limpopo
CUST-00402;Mpho Naidoo;31;Consumer;Gauteng
CUST-00403;Lerato Peters;28;Consumer;Gauteng
CUST-00404;Chloe Mabena;33;Consumer;KwaZulu-Natal
CUST-00405;Ethan Botha;41;Small Business;Free State
CUST-00406;Aiden Nkosi;31;Small Business;Western Cape
CUST-00407;Chloe Nkosi;45;Consumer;Western Cape
CUST-00408;Kayla Pillay;51;Small Business;Gauteng
CUST-00409;Kagiso Mthethwa;43;Consumer;Gauteng
CUST-00410;Naledi Williams;23;Small Business;KwaZulu-Natal
CUST-00411;Daniel Molefe;30;Consumer;Western Cape
CUST-00412;Ethan Nkosi;18;Consumer;Western Cape
CUST-00413;Naledi Van Wyk;36;Consumer;Limpopo
CUST-00414;Daniel Sithole;39;Consumer;Gauteng
CUST-00415;Daniel Pillay;50;Consumer;Gauteng
CUST-00416;Mpho Khumalo;21;Consumer;Gauteng
CUST-00417;Aiden Jacobs;58;Corporate;Free State
CUST-00418;Mia Mthembu;54;Corporate;Gauteng
CUST-00419;Naledi Dlamini;63;Consumer;Gauteng
CUST-00420;Jason Pillay;36;Consumer;Gauteng
CUST-00421;Jason Van Wyk;51;Small Business;KwaZulu-Natal
CUST-00422;Ethan Jacobs;50;Consumer;Gauteng
CUST-00423;Kagiso Khumalo;49;Corporate;Western Cape
CUST-00424;Neo Jacobs;28;Consumer;Limpopo
CUST-00425;Ayesha Van Wyk;47;Consumer;KwaZulu-Natal
CUST-00426;Lerato Dlamini;25;Consumer;Limpopo
CUST-00427;Sipho Ndlovu;20;Consumer;Free State
CUST-00428;Thabo Botha;53;Consumer;Free State
CUST-00429;Ethan Mthembu;26;Consumer;Gauteng
CUST-00430;Kayla Sithole;56;Consumer;KwaZulu-Natal
CUST-00431;Ayesha Molefe;42;Corporate;Limpopo
CUST-00432;Ethan Dlamini;43;Small Business;Western Cape
CUST-00433;Jason Mthethwa;42;Consumer;Gauteng
CUST-00434;Mpho Nkosi;40;Consumer;Limpopo
CUST-00435;Daniel Dlamini;20;Corporate;Western Cape
CUST-00436;Naledi Pillay;29;Consumer;KwaZulu-Natal
CUST-00437;Aiden Botha;27;Consumer;Western Cape
CUST-00438;Nandi Dlamini;38;Consumer;Limpopo
CUST-00439;Mpho Khumalo;49;Consumer;KwaZulu-Natal
CUST-00440;Ayesha Nkosi;45;Consumer;Gauteng
CUST-00441;Ayesha Mokoena;40;Consumer;Western Cape
CUST-00442;Amahle Mthethwa;18;Small Business;Gauteng
CUST-00443;Aiden Peters;44;Small Business;KwaZulu-Natal
CUST-00444;Ethan Molefe;33;Consumer;Western Cape
CUST-00445;Mia Mthethwa;41;Consumer;Gauteng
CUST-00446;Neo Dlamini;22;Consumer;Gauteng
CUST-00447;Amahle Mabena;50;Consumer;Western Cape
CUST-00448;Sipho Nkosi;42;Consumer;Western Cape
CUST-00449;Daniel Botha;46;Small Business;Western Cape
CUST-00450;Sipho Maseko;22;Consumer;Western Cape
CUST-00451;Mia Mthethwa;23;Consumer;Western Cape
CUST-00452;Kayla Peters;34;Corporate;Western Cape
CUST-00453;Leah Sithole;18;Consumer;Gauteng
CUST-00454;Mia Sithole;20;Small Business;Western Cape
CUST-00455;Nandi Jacobs;23;Consumer;Limpopo
CUST-00456;Chloe Williams;22;Small Business;Limpopo
CUST-00457;Jason Botha;42;Small Business;Western Cape
CUST-00458;Zanele Naidoo;48;Consumer;Gauteng
CUST-00459;Kayla Maseko;50;Small Business;Gauteng
CUST-00460;Kayla Maseko;30;Consumer;Western Cape
CUST-00461;Mpho Williams;33;Consumer;Gauteng
CUST-00462;Thabo Mokoena;26;Small Business;Western Cape
CUST-00463;Leah Van Wyk;36;Consumer;Gauteng
CUST-00464;Thabo Khumalo;55;Consumer;Free State
CUST-00465;Sipho Ndlovu;25;Small Business;KwaZulu-Natal
CUST-00466;Ayesha Khumalo;21;Consumer;Gauteng
CUST-00467;Liam Pillay;34;Consumer;Gauteng
CUST-00468;Mia Maseko;34;Corporate;Western Cape
CUST-00469;Mia Dlamini;35;Consumer;KwaZulu-Natal
CUST-00470;Zanele Mokoena;33;Small Business;Gauteng
CUST-00471;Jason Sithole;54;Small Business;Western Cape
CUST-00472;Kayla Jacobs;48;Small Business;Gauteng
CUST-00473;Kayla Mthembu;18;Consumer;Free State
CUST-00474;Thabo Khumalo;41;Small Business;Western Cape
CUST-00475;Jason Sithole;32;Consumer;Gauteng
CUST-00476;Mpho Jacobs;48;Consumer;Gauteng
CUST-00477;Zanele Pretorius;39;Consumer;KwaZulu-Natal
CUST-00478;Liam Jacobs;18;Consumer;Western Cape
CUST-00479;Nandi Nkosi;47;Consumer;KwaZulu-Natal
CUST-00480;Naledi Peters;36;Small Business;Gauteng
CUST-00481;Sipho Mthethwa;21;Consumer;Western Cape
CUST-00482;Thabo Pretorius;40;Consumer;KwaZulu-Natal
CUST-00483;Naledi Khumalo;45;Corporate;Gauteng
CUST-00484;Aiden Pillay;18;Small Business;KwaZulu-Natal
CUST-00485;Thabo Nkosi;39;Small Business;Western Cape
CUST-00486;Chloe Peters;44;Consumer;Gauteng
CUST-00487;Nandi Botha;38;Consumer;Western Cape
CUST-00488;Mpho Khumalo;35;Consumer;KwaZulu-Natal
CUST-00489;Sipho Ndlovu;31;Consumer;Limpopo
CUST-00490;Leah Van Wyk;21;Consumer;Free State
CUST-00491;Daniel Pretorius;32;Consumer;Western Cape
CUST-00492;Thabo Khumalo;31;Consumer;Gauteng
CUST-00493;Leah Maseko;38;Consumer;KwaZulu-Natal
CUST-00494;Kagiso Mthembu;32;Corporate;KwaZulu-Natal
CUST-00495;Nandi Williams;42;Consumer;Free State
CUST-00496;Mia Van Wyk;28;Consumer;KwaZulu-Natal
CUST-00497;Liam Botha;46;Consumer;Free State
CUST-00498;Neo Williams;38;Consumer;Western Cape
CUST-00499;Kagiso Pretorius;46;Small Business;Western Cape
CUST-00500;Lerato Sithole;38;Consumer;Gauteng
CUST-00501;Kagiso Williams;19;Consumer;KwaZulu-Natal
CUST-00502;Mia Ndlovu;33;Consumer;KwaZulu-Natal
CUST-00503;Amahle Ndlovu;41;Consumer;Western Cape
CUST-00504;Sipho Khumalo;28;Consumer;Western Cape
CUST-00505;Amahle Botha;22;Corporate;Gauteng
CUST-00506;Sipho Mabena;38;Consumer;Western Cape
CUST-00507;Thabo Mahlangu;34;Small Business;Western Cape
CUST-00508;Daniel Maseko;44;Consumer;KwaZulu-Natal
CUST-00509;Neo Botha;42;Consumer;Western Cape
CUST-00510;Liam Pillay;30;Consumer;KwaZulu-Natal
CUST-00511;Ayesha Peters;43;Consumer;Gauteng
CUST-00512;Lerato Khumalo;53;Consumer;Western Cape
CUST-00513;Ayesha Pretorius;19;Consumer;Western Cape
CUST-00514;Nandi Mahlangu;45;Small Business;Gauteng
CUST-00515;Ethan Pillay;51;Consumer;Gauteng
CUST-00516;Neo Pillay;34;Small Business;KwaZulu-Natal
CUST-00517;Aiden Mahlangu;45;Consumer;Western Cape
CUST-00518;Leah Peters;34;Corporate;Western Cape
CUST-00519;Ethan Mthethwa;27;Consumer;Western Cape
CUST-00520;Chloe Sithole;18;Consumer;Gauteng
CUST-00521;Mpho Mthembu;29;Corporate;Gauteng
CUST-00522;Aiden Mthembu;41;Consumer;Free State
CUST-00523;Thabo Pillay;40;Consumer;Western Cape
CUST-00524;Aiden Mabena;29;Corporate;KwaZulu-Natal
CUST-00525;Ayesha Ndlovu;31;Consumer;Gauteng
CUST-00526;Naledi Mthembu;46;Consumer;Limpopo
CUST-00527;Mpho Molefe;37;Consumer;Free State
CUST-00528;Nandi Maseko;23;Corporate;Free State
CUST-00529;Chloe Mabena;19;Small Business;Western Cape
CUST-00530;Liam Naidoo;45;Consumer;Free State
CUST-00531;Kayla Peters;25;Consumer;KwaZulu-Natal
CUST-00532;Daniel Botha;32;Small Business;Free State
CUST-00533;Kayla Naidoo;18;Small Business;KwaZulu-Natal
CUST-00534;Aiden Mahlangu;42;Small Business;Free State
CUST-00535;Amahle Sithole;38;Small Business;Gauteng
CUST-00536;Daniel Mabena;35;Consumer;Gauteng
CUST-00537;Kagiso Mthethwa;38;Consumer;Western Cape
CUST-00538;Zanele Dlamini;35;Small Business;KwaZulu-Natal
CUST-00539;Naledi Mahlangu;29;Consumer;Free State
CUST-00540;Nandi Sithole;31;Consumer;Gauteng
CUST-00541;Naledi Nkosi;47;Consumer;Gauteng
CUST-00542;Jason Molefe;39;Consumer;Limpopo
CUST-00543;Sipho Khumalo;43;Consumer;Gauteng
CUST-00544;Kayla Nkosi;36;Small Business;KwaZulu-Natal
CUST-00545;Chloe Peters;52;Corporate;Gauteng
CUST-00546;Kayla Molefe;21;Consumer;Gauteng
CUST-00547;Aiden Nkosi;31;Consumer;Gauteng
CUST-00548;Thabo Peters;59;Consumer;Gauteng
CUST-00549;Liam Botha;38;Consumer;KwaZulu-Natal
CUST-00550;Lerato Mabena;29;Consumer;Gauteng
CUST-00551;Kagiso Ndlovu;45;Small Business;KwaZulu-Natal
CUST-00552;Daniel Naidoo;43;Consumer;Gauteng
CUST-00553;Aiden Williams;18;Consumer;Gauteng
CUST-00554;Thabo Williams;45;Consumer;KwaZulu-Natal
CUST-00555;Zanele Jacobs;36;Small Business;Limpopo
CUST-00556;Aiden Molefe;38;Corporate;Western Cape
CUST-00557;Amahle Van Wyk;35;Consumer;KwaZulu-Natal
CUST-00558;Mia Mabena;32;Consumer;Limpopo
CUST-00559;Lerato Sithole;35;Small Business;KwaZulu-Natal
CUST-00560;Kagiso Peters;51;Consumer;Western Cape
CUST-00561;Kagiso Mabena;28;Consumer;KwaZulu-Natal
CUST-00562;Nandi Mthembu;28;Consumer;Gauteng
CUST-00563;Aiden Botha;36;Small Business;Free State
CUST-00564;Chloe Van Wyk;36;Small Business;Gauteng
CUST-00565;Ethan Van Wyk;21;Corporate;Western Cape
CUST-00566;Zanele Mthembu;39;Consumer;KwaZulu-Natal
CUST-00567;Mia Sithole;38;Consumer;Western Cape
CUST-00568;Aiden Nkosi;25;Small Business;Limpopo
CUST-00569;Kayla Peters;46;Consumer;Limpopo
CUST-00570;Lerato Mthethwa;47;Consumer;Limpopo
CUST-00571;Thabo Maseko;43;Consumer;Gauteng
CUST-00572;Thabo Dlamini;44;Consumer;Western Cape
CUST-00573;Mia Mabena;40;Consumer;Western Cape
CUST-00574;Kayla Dlamini;34;Small Business;Western Cape
CUST-00575;Jason Mthethwa;55;Consumer;Western Cape
CUST-00576;Jason Naidoo;36;Consumer;Western Cape
CUST-00577;Daniel Sithole;58;Consumer;Free State
CUST-00578;Thabo Botha;42;Consumer;Gauteng
CUST-00579;Ayesha Naidoo;23;Small Business;Western Cape
CUST-00580;Jason Pillay;27;Consumer;Gauteng
CUST-00581;Sipho Mthethwa;33;Consumer;Western Cape
CUST-00582;Ayesha Mthembu;52;Consumer;KwaZulu-Natal
CUST-00583;Kayla Naidoo;36;Small Business;Western Cape
CUST-00584;Neo Mthethwa;18;Consumer;Gauteng
CUST-00585;Liam Mthethwa;68;Consumer;KwaZulu-Natal
CUST-00586;Ethan Mthethwa;29;Consumer;Limpopo
CUST-00587;Jason Mthethwa;37;Consumer;KwaZulu-Natal
CUST-00588;Ayesha Van Wyk;37;Consumer;Western Cape
CUST-00589;Mpho Mahlangu;41;Consumer;Gauteng
CUST-00590;Amahle Pillay;39;Small Business;Gauteng
CUST-00591;Kayla Molefe;18;Consumer;Gauteng
CUST-00592;Kayla Williams;36;Corporate;Western Cape
CUST-00593;Amahle Williams;33;Corporate;Free State
CUST-00594;Daniel Mthembu;51;Consumer;Western Cape
CUST-00595;Chloe Ndlovu;33;Small Business;KwaZulu-Natal
CUST-00596;Kayla Mabena;41;Small Business;Gauteng
CUST-00597;Ayesha Nkosi;22;Small Business;Western Cape
CUST-00598;Neo Khumalo;35;Small Business;Limpopo
CUST-00599;Sipho Mahlangu;28;Consumer;Free State
CUST-00600;Liam Ndlovu;49;Consumer;Western Cape
CUST-00601;Amahle Nkosi;25;Consumer;Western Cape
CUST-00602;Nandi Jacobs;25;Small Business;Gauteng
CUST-00603;Kayla Jacobs;35;Corporate;Gauteng
CUST-00604;Ethan Mthethwa;26;Consumer;KwaZulu-Natal
CUST-00605;Mpho Dlamini;32;Consumer;Limpopo
CUST-00606;Kayla Pillay;30;Consumer;KwaZulu-Natal
CUST-00607;Liam Maseko;33;Consumer;Western Cape
CUST-00608;Naledi Khumalo;48;Small Business;Limpopo
CUST-00609;Ethan Mthembu;59;Consumer;KwaZulu-Natal
CUST-00610;Daniel Mthembu;21;Consumer;Gauteng
CUST-00611;Sipho Pretorius;31;Consumer;Gauteng
CUST-00612;Daniel Mthethwa;44;Small Business;Gauteng
CUST-00613;Lerato Pillay;41;Consumer;Gauteng
CUST-00614;Kayla Mahlangu;38;Consumer;Gauteng
CUST-00615;Nandi Mahlangu;50;Small Business;Western Cape
CUST-00616;Chloe Pretorius;18;Consumer;Western Cape
CUST-00617;Naledi Pretorius;38;Consumer;Western Cape
CUST-00618;Kagiso Jacobs;35;Consumer;Gauteng
CUST-00619;Ethan Naidoo;18;Consumer;Western Cape
CUST-00620;Ayesha Ndlovu;31;Consumer;Limpopo
CUST-00621;Jason Nkosi;31;Consumer;KwaZulu-Natal
CUST-00622;Mia Mthethwa;32;Small Business;Free State
CUST-00623;Jason Mabena;40;Small Business;Gauteng
CUST-00624;Mia Khumalo;35;Consumer;Gauteng
CUST-00625;Liam Mabena;27;Consumer;Western Cape
CUST-00626;Aiden Maseko;32;Consumer;Western Cape
CUST-00627;Daniel Mabena;65;Consumer;KwaZulu-Natal
CUST-00628;Daniel Pretorius;25;Consumer;KwaZulu-Natal
CUST-00629;Mpho Mthembu;50;Consumer;Free State
CUST-00630;Kayla Mabena;42;Consumer;Western Cape
CUST-00631;Sipho Jacobs;26;Corporate;Western Cape
CUST-00632;Jason Naidoo;28;Small Business;Gauteng
CUST-00633;Naledi Botha;39;Consumer;Free State
CUST-00634;Ethan Van Wyk;21;Small Business;KwaZulu-Natal
CUST-00635;Leah Dlamini;35;Consumer;KwaZulu-Natal
CUST-00636;Aiden Mokoena;38;Consumer;Gauteng
CUST-00637;Thabo Van Wyk;35;Consumer;Gauteng
CUST-00638;Leah Williams;31;Consumer;Western Cape
CUST-00639;Liam Mahlangu;43;Consumer;Gauteng
CUST-00640;Aiden Dlamini;50;Consumer;Gauteng
CUST-00641;Mia Jacobs;25;Small Business;Western Cape
CUST-00642;Ayesha Khumalo;25;Consumer;Gauteng
CUST-00643;Daniel Mahlangu;25;Small Business;KwaZulu-Natal
CUST-00644;Sipho Sithole;27;Consumer;KwaZulu-Natal
CUST-00645;Daniel Botha;22;Consumer;Gauteng
CUST-00646;Jason Mthethwa;43;Small Business;Gauteng
CUST-00647;Chloe Botha;34;Small Business;KwaZulu-Natal
CUST-00648;Jason Naidoo;56;Consumer;Western Cape
CUST-00649;Naledi Naidoo;36;Consumer;Gauteng
CUST-00650;Neo Van Wyk;26;Consumer;Limpopo
CUST-00651;Jason Pillay;44;Consumer;Western Cape
CUST-00652;Kagiso Sithole;48;Consumer;Limpopo
CUST-00653;Ethan Pillay;51;Corporate;Gauteng
CUST-00654;Chloe Khumalo;29;Consumer;Gauteng
CUST-00655;Liam Nkosi;36;Consumer;Gauteng
CUST-00656;Mpho Mahlangu;22;Corporate;Gauteng
CUST-00657;Liam Mokoena;38;Consumer;Gauteng
CUST-00658;Naledi Botha;32;Consumer;Gauteng
CUST-00659;Ayesha Peters;42;Consumer;Western Cape
CUST-00660;Lerato Mahlangu;26;Small Business;Western Cape
CUST-00661;Aiden Pillay;34;Consumer;Western Cape
CUST-00662;Neo Mahlangu;27;Corporate;Western Cape
CUST-00663;Liam Mabena;48;Consumer;Gauteng
CUST-00664;Lerato Botha;45;Small Business;KwaZulu-Natal
CUST-00665;Mia Molefe;54;Consumer;Gauteng
CUST-00666;Daniel Peters;62;Small Business;Gauteng
CUST-00667;Zanele Pillay;29;Small Business;Western Cape
CUST-00668;Zanele Mahlangu;32;Consumer;Limpopo
CUST-00669;Lerato Mahlangu;30;Consumer;Western Cape
CUST-00670;Ayesha Dlamini;31;Small Business;Free State
CUST-00671;Leah Khumalo;36;Consumer;Gauteng
CUST-00672;Aiden Maseko;51;Consumer;Free State
CUST-00673;Kayla Mthembu;38;Corporate;Western Cape
CUST-00674;Zanele Jacobs;52;Consumer;Western Cape
CUST-00675;Daniel Molefe;37;Consumer;Western Cape
CUST-00676;Kagiso Khumalo;43;Small Business;Western Cape
CUST-00677;Mpho Pretorius;35;Consumer;Gauteng
CUST-00678;Nandi Sithole;37;Small Business;Free State
CUST-00679;Neo Dlamini;46;Consumer;Gauteng
CUST-00680;Zanele Pillay;35;Consumer;KwaZulu-Natal
CUST-00681;Mia Dlamini;63;Small Business;Limpopo
CUST-00682;Mia Ndlovu;39;Consumer;Gauteng
CUST-00683;Kagiso Mthethwa;46;Corporate;Limpopo
CUST-00684;Zanele Maseko;37;Consumer;Limpopo
CUST-00685;Daniel Sithole;31;Consumer;Gauteng
CUST-00686;Aiden Dlamini;27;Consumer;Gauteng
CUST-00687;Leah Sithole;34;Small Business;KwaZulu-Natal
CUST-00688;Kagiso Williams;25;Consumer;KwaZulu-Natal
CUST-00689;Liam Mabena;26;Consumer;Free State
CUST-00690;Mpho Molefe;33;Consumer;Western Cape
CUST-00691;Liam Williams;54;Small Business;Gauteng
CUST-00692;Mpho Jacobs;29;Consumer;KwaZulu-Natal
CUST-00693;Mpho Dlamini;47;Consumer;Gauteng
CUST-00694;Jason Pillay;32;Corporate;Limpopo
CUST-00695;Nandi Mokoena;35;Consumer;Gauteng
CUST-00696;Lerato Botha;33;Consumer;Western Cape
CUST-00697;Neo Mthethwa;38;Consumer;Gauteng
CUST-00698;Liam Sithole;25;Consumer;Limpopo
CUST-00699;Mpho Mthethwa;60;Consumer;Limpopo
CUST-00700;Zanele Mabena;22;Consumer;Western Cape
CUST-00701;Amahle Pretorius;35;Small Business;Gauteng
CUST-00702;Thabo Williams;40;Consumer;Free State
CUST-00703;Naledi Ndlovu;41;Small Business;Free State
CUST-00704;Kayla Mthethwa;25;Consumer;Gauteng
CUST-00705;Mia Khumalo;47;Consumer;Gauteng
CUST-00706;Daniel Williams;18;Small Business;KwaZulu-Natal
CUST-00707;Kayla Khumalo;44;Consumer;KwaZulu-Natal
CUST-00708;Nandi Dlamini;40;Consumer;Gauteng
CUST-00709;Sipho Williams;32;Consumer;Free State
CUST-00710;Zanele Mahlangu;22;Consumer;KwaZulu-Natal
CUST-00711;Mpho Jacobs;55;Consumer;Gauteng
CUST-00712;Mpho Mthembu;30;Small Business;Gauteng
CUST-00713;Amahle Mokoena;39;Consumer;Free State
CUST-00714;Kayla Van Wyk;52;Consumer;KwaZulu-Natal
CUST-00715;Sipho Botha;38;Small Business;Gauteng
CUST-00716;Zanele Williams;43;Consumer;Western Cape
CUST-00717;Leah Pillay;40;Small Business;Western Cape
CUST-00718;Mpho Jacobs;39;Consumer;Western Cape
CUST-00719;Thabo Mokoena;18;Consumer;KwaZulu-Natal
CUST-00720;Lerato Nkosi;31;Consumer;Gauteng
CUST-00721;Daniel Mokoena;37;Consumer;Western Cape
CUST-00722;Thabo Mokoena;21;Small Business;Western Cape
CUST-00723;Liam Mokoena;43;Consumer;Gauteng
CUST-00724;Thabo Naidoo;28;Consumer;Limpopo
CUST-00725;Sipho Mthethwa;25;Consumer;KwaZulu-Natal
CUST-00726;Naledi Dlamini;30;Consumer;Free State
CUST-00727;Neo Nkosi;51;Consumer;Western Cape
CUST-00728;Sipho Pretorius;36;Corporate;KwaZulu-Natal
CUST-00729;Daniel Botha;53;Consumer;Free State
CUST-00730;Ethan Mahlangu;23;Consumer;Western Cape
CUST-00731;Mpho Williams;45;Consumer;Gauteng
CUST-00732;Chloe Van Wyk;38;Small Business;KwaZulu-Natal
CUST-00733;Sipho Maseko;29;Small Business;Free State
CUST-00734;Neo Williams;53;Consumer;Gauteng
CUST-00735;Daniel Peters;35;Consumer;Western Cape
CUST-00736;Kayla Mokoena;39;Consumer;Gauteng
CUST-00737;Nandi Jacobs;34;Consumer;Limpopo
CUST-00738;Naledi Mabena;44;Consumer;KwaZulu-Natal
CUST-00739;Neo Sithole;38;Consumer;Gauteng
CUST-00740;Chloe Van Wyk;28;Consumer;Free State
CUST-00741;Naledi Botha;27;Consumer;Gauteng
CUST-00742;Kagiso Mthembu;40;Consumer;Free State
CUST-00743;Nandi Mokoena;30;Consumer;Western Cape
CUST-00744;Zanele Molefe;59;Consumer;KwaZulu-Natal
CUST-00745;Lerato Maseko;30;Corporate;Gauteng
CUST-00746;Mpho Ndlovu;40;Consumer;Limpopo
CUST-00747;Sipho Pillay;27;Consumer;Western Cape
CUST-00748;Zanele Sithole;21;Consumer;Free State
CUST-00749;Neo Jacobs;18;Consumer;Limpopo
CUST-00750;Amahle Mokoena;18;Small Business;Limpopo
CUST-00751;Thabo Mokoena;65;Consumer;KwaZulu-Natal
CUST-00752;Neo Sithole;32;Consumer;Free State
CUST-00753;Kayla Dlamini;18;Small Business;Limpopo
CUST-00754;Nandi Mthembu;18;Small Business;Western Cape
CUST-00755;Chloe Botha;24;Corporate;Western Cape
CUST-00756;Amahle Williams;49;Small Business;Gauteng
CUST-00757;Chloe Peters;51;Consumer;Gauteng
CUST-00758;Jason Khumalo;49;Consumer;Gauteng
CUST-00759;Zanele Peters;50;Small Business;Free State
CUST-00760;Zanele Sithole;30;Small Business;Gauteng
CUST-00761;Lerato Pretorius;35;Consumer;KwaZulu-Natal
CUST-00762;Naledi Nkosi;32;Consumer;Western Cape
CUST-00763;Daniel Mabena;44;Small Business;Gauteng
CUST-00764;Leah Peters;46;Consumer;Gauteng
CUST-00765;Kagiso Botha;32;Consumer;Limpopo
CUST-00766;Mpho Mahlangu;50;Consumer;Western Cape
CUST-00767;Mia Dlamini;28;Corporate;Free State
CUST-00768;Mia Jacobs;18;Consumer;KwaZulu-Natal
CUST-00769;Leah Mabena;48;Small Business;Western Cape
CUST-00770;Naledi Nkosi;34;Consumer;Western Cape
CUST-00771;Naledi Naidoo;46;Consumer;Western Cape
CUST-00772;Naledi Sithole;30;Small Business;Western Cape
CUST-00773;Jason Mthethwa;43;Corporate;Gauteng
CUST-00774;Thabo Khumalo;41;Consumer;Western Cape
CUST-00775;Daniel Peters;36;Consumer;Western Cape
CUST-00776;Naledi Mthethwa;60;Consumer;Gauteng
CUST-00777;Kayla Mthembu;31;Consumer;Western Cape
CUST-00778;Mia Van Wyk;33;Consumer;Gauteng
CUST-00779;Daniel Ndlovu;28;Small Business;Gauteng
CUST-00780;Kagiso Mthethwa;23;Consumer;Free State
CUST-00781;Ayesha Naidoo;36;Consumer;Gauteng
CUST-00782;Naledi Mabena;47;Small Business;KwaZulu-Natal
CUST-00783;Nandi Mthethwa;36;Consumer;Limpopo
CUST-00784;Leah Molefe;44;Consumer;KwaZulu-Natal
CUST-00785;Nandi Mthembu;33;Consumer;Gauteng
CUST-00786;Liam Botha;52;Consumer;Western Cape
CUST-00787;Kagiso Van Wyk;27;Small Business;KwaZulu-Natal
CUST-00788;Neo Pillay;36;Corporate;KwaZulu-Natal
CUST-00789;Daniel Khumalo;40;Small Business;KwaZulu-Natal
CUST-00790;Lerato Peters;33;Consumer;Gauteng
CUST-00791;Kagiso Mabena;25;Consumer;Gauteng
CUST-00792;Liam Williams;40;Consumer;KwaZulu-Natal
CUST-00793;Leah Maseko;35;Consumer;KwaZulu-Natal
CUST-00794;Mia Mthembu;25;Corporate;Gauteng
CUST-00795;Amahle Pillay;44;Consumer;Limpopo
CUST-00796;Leah Peters;19;Consumer;Western Cape
CUST-00797;Lerato Jacobs;48;Small Business;Limpopo
CUST-00798;Aiden Botha;41;Consumer;Gauteng
CUST-00799;Neo Maseko;39;Small Business;Gauteng
CUST-00800;Amahle Ndlovu;35;Small Business;Gauteng
CUST-00801;Amahle Williams;45;Consumer;Western Cape
CUST-00802;Naledi Jacobs;24;Consumer;Gauteng
CUST-00803;Daniel Nkosi;56;Small Business;Western Cape
CUST-00804;Nandi Mthethwa;51;Consumer;Limpopo
CUST-00805;Neo Nkosi;34;Small Business;Western Cape
CUST-00806;Naledi Mthethwa;50;Consumer;Gauteng
CUST-00807;Sipho Mthethwa;21;Corporate;Limpopo
CUST-00808;Lerato Mahlangu;21;Consumer;Gauteng
CUST-00809;Aiden Mahlangu;41;Consumer;Gauteng
CUST-00810;Lerato Naidoo;46;Consumer;Gauteng
CUST-00811;Liam Ndlovu;36;Consumer;Western Cape
CUST-00812;Daniel Mthembu;58;Small Business;Western Cape
CUST-00813;Naledi Mokoena;30;Consumer;Western Cape
CUST-00814;Daniel Mokoena;46;Corporate;Gauteng
CUST-00815;Thabo Khumalo;43;Consumer;Gauteng
CUST-00816;Ethan Peters;44;Consumer;Free State
CUST-00817;Liam Maseko;26;Small Business;KwaZulu-Natal
CUST-00818;Lerato Sithole;29;Consumer;Gauteng
CUST-00819;Chloe Maseko;40;Small Business;Gauteng
CUST-00820;Sipho Sithole;24;Small Business;Western Cape
CUST-00821;Jason Dlamini;35;Small Business;KwaZulu-Natal
CUST-00822;Aiden Maseko;35;Consumer;Western Cape
CUST-00823;Liam Mabena;41;Consumer;Western Cape
CUST-00824;Lerato Sithole;33;Consumer;KwaZulu-Natal
CUST-00825;Aiden Van Wyk;60;Small Business;Gauteng
CUST-00826;Jason Sithole;31;Consumer;Western Cape
CUST-00827;Lerato Ndlovu;50;Consumer;Western Cape
CUST-00828;Mpho Maseko;38;Small Business;Limpopo
CUST-00829;Lerato Khumalo;41;Consumer;Western Cape
CUST-00830;Jason Botha;36;Consumer;Western Cape
CUST-00831;Ayesha Naidoo;35;Small Business;Gauteng
CUST-00832;Ethan Nkosi;18;Small Business;Gauteng
CUST-00833;Leah Mabena;34;Small Business;Gauteng
CUST-00834;Chloe Sithole;40;Small Business;Gauteng
CUST-00835;Zanele Molefe;29;Consumer;KwaZulu-Natal
CUST-00836;Zanele Mthembu;44;Consumer;Gauteng
CUST-00837;Daniel Naidoo;33;Consumer;Free State
CUST-00838;Liam Mthembu;31;Consumer;KwaZulu-Natal
CUST-00839;Nandi Mthembu;22;Small Business;Western Cape
CUST-00840;Mia Mahlangu;44;Consumer;Western Cape
CUST-00841;Lerato Pillay;37;Consumer;KwaZulu-Natal
CUST-00842;Lerato Ndlovu;26;Consumer;Gauteng
CUST-00843;Ethan Jacobs;34;Consumer;Gauteng
CUST-00844;Sipho Nkosi;31;Consumer;Limpopo
CUST-00845;Mia Khumalo;44;Consumer;Gauteng
CUST-00846;Liam Van Wyk;41;Consumer;Limpopo
CUST-00847;Zanele Mabena;32;Consumer;Limpopo
CUST-00848;Mpho Mokoena;56;Consumer;KwaZulu-Natal
CUST-00849;Liam Mthethwa;56;Small Business;KwaZulu-Natal
CUST-00850;Nandi Khumalo;27;Consumer;Western Cape
CUST-00851;Aiden Peters;31;Consumer;Free State
CUST-00852;Amahle Khumalo;38;Consumer;Gauteng
CUST-00853;Mia Maseko;39;Small Business;Free State
CUST-00854;Sipho Peters;46;Consumer;Western Cape
CUST-00855;Liam Peters;18;Consumer;Gauteng
CUST-00856;Sipho Sithole;40;Small Business;KwaZulu-Natal
CUST-00857;Ayesha Mokoena;24;Small Business;Western Cape
CUST-00858;Ethan Khumalo;34;Small Business;Limpopo
CUST-00859;Ayesha Pillay;22;Corporate;Limpopo
CUST-00860;Jason Mahlangu;33;Consumer;Gauteng
CUST-00861;Mia Pretorius;39;Consumer;Western Cape
CUST-00862;Kayla Nkosi;48;Small Business;Gauteng
CUST-00863;Neo Mahlangu;41;Small Business;Western Cape
CUST-00864;Liam Pillay;26;Small Business;Gauteng
CUST-00865;Ayesha Mabena;51;Corporate;Limpopo
CUST-00866;Neo Dlamini;29;Consumer;Gauteng
CUST-00867;Lerato Jacobs;28;Consumer;Western Cape
CUST-00868;Liam Nkosi;33;Consumer;Gauteng
CUST-00869;Jason Botha;43;Corporate;Gauteng
CUST-00870;Kagiso Pretorius;33;Corporate;Gauteng
CUST-00871;Neo Botha;35;Consumer;Limpopo
CUST-00872;Chloe Maseko;30;Corporate;Gauteng
CUST-00873;Ethan Pretorius;67;Consumer;Western Cape
CUST-00874;Aiden Mokoena;36;Small Business;Gauteng
CUST-00875;Kagiso Maseko;49;Consumer;Gauteng
CUST-00876;Nandi Mthembu;36;Consumer;Free State
CUST-00877;Liam Maseko;27;Small Business;Free State
CUST-00878;Ayesha Sithole;44;Small Business;Western Cape
CUST-00879;Aiden Dlamini;30;Consumer;Gauteng
CUST-00880;Thabo Dlamini;49;Consumer;Gauteng
CUST-00881;Jason Jacobs;45;Small Business;Western Cape
CUST-00882;Leah Botha;44;Consumer;Free State
CUST-00883;Neo Van Wyk;37;Small Business;KwaZulu-Natal
CUST-00884;Aiden Molefe;20;Consumer;Western Cape
CUST-00885;Lerato Ndlovu;23;Consumer;Western Cape
CUST-00886;Aiden Mahlangu;45;Consumer;KwaZulu-Natal
CUST-00887;Amahle Pillay;48;Consumer;KwaZulu-Natal
CUST-00888;Mia Pretorius;30;Corporate;Free State
CUST-00889;Daniel Naidoo;49;Corporate;Gauteng
CUST-00890;Neo Mokoena;24;Consumer;Free State
CUST-00891;Naledi Mthembu;25;Consumer;Gauteng
CUST-00892;Nandi Nkosi;46;Small Business;Gauteng
CUST-00893;Mpho Ndlovu;44;Consumer;KwaZulu-Natal
CUST-00894;Chloe Maseko;18;Small Business;Gauteng
CUST-00895;Sipho Ndlovu;39;Consumer;KwaZulu-Natal
CUST-00896;Lerato Khumalo;20;Consumer;Western Cape
CUST-00897;Naledi Pretorius;27;Small Business;KwaZulu-Natal
CUST-00898;Amahle Khumalo;26;Corporate;KwaZulu-Natal
CUST-00899;Kagiso Pretorius;36;Consumer;KwaZulu-Natal
CUST-00900;Jason Mthethwa;55;Small Business;Western Cape
CUST-00901;Kayla Williams;29;Small Business;Limpopo
CUST-00902;Jason Van Wyk;57;Consumer;Gauteng
CUST-00903;Leah Ndlovu;51;Small Business;Western Cape
CUST-00904;Ayesha Naidoo;37;Consumer;Gauteng
CUST-00905;Chloe Naidoo;48;Consumer;Western Cape
CUST-00906;Mia Botha;32;Corporate;Free State
CUST-00907;Mpho Mthembu;60;Consumer;Western Cape
CUST-00908;Mpho Botha;38;Consumer;KwaZulu-Natal
CUST-00909;Lerato Khumalo;20;Consumer;Western Cape
CUST-00910;Leah Pillay;43;Consumer;Western Cape
CUST-00911;Liam Ndlovu;41;Consumer;Gauteng
CUST-00912;Jason Mabena;21;Small Business;KwaZulu-Natal
CUST-00913;Thabo Peters;41;Small Business;Western Cape
CUST-00914;Daniel Khumalo;34;Corporate;KwaZulu-Natal
CUST-00915;Leah Jacobs;48;Consumer;Limpopo
CUST-00916;Jason Nkosi;25;Consumer;KwaZulu-Natal
CUST-00917;Liam Nkosi;35;Consumer;Limpopo
CUST-00918;Lerato Mabena;54;Corporate;Gauteng
CUST-00919;Mia Khumalo;55;Consumer;Gauteng
CUST-00920;Chloe Botha;48;Consumer;Gauteng
CUST-00921;Mia Naidoo;31;Consumer;Limpopo
CUST-00922;Neo Peters;41;Consumer;KwaZulu-Natal
CUST-00923;Lerato Jacobs;25;Consumer;Western Cape
CUST-00924;Neo Botha;18;Consumer;Gauteng
CUST-00925;Nandi Nkosi;40;Small Business;Limpopo
CUST-00926;Mia Dlamini;34;Consumer;Gauteng
CUST-00927;Jason Dlamini;37;Consumer;Limpopo
CUST-00928;Ethan Sithole;33;Consumer;Limpopo
CUST-00929;Thabo Nkosi;47;Consumer;Gauteng
CUST-00930;Ethan Dlamini;37;Consumer;Gauteng
CUST-00931;Nandi Maseko;32;Corporate;Gauteng
CUST-00932;Chloe Pretorius;49;Consumer;Gauteng
CUST-00933;Zanele Sithole;31;Consumer;Western Cape
CUST-00934;Lerato Naidoo;53;Small Business;Gauteng
CUST-00935;Aiden Naidoo;30;Small Business;Free State
CUST-00936;Kayla Ndlovu;35;Consumer;Gauteng
CUST-00937;Kagiso Peters;39;Consumer;Western Cape
CUST-00938;Chloe Nkosi;18;Corporate;Gauteng
CUST-00939;Mpho Mthembu;21;Small Business;Limpopo
CUST-00940;Mia Mthembu;46;Consumer;Gauteng
CUST-00941;Ethan Mthembu;33;Consumer;Limpopo
CUST-00942;Liam Mahlangu;28;Small Business;Gauteng
CUST-00943;Ayesha Maseko;23;Consumer;Gauteng
CUST-00944;Neo Mthembu;49;Consumer;Gauteng
CUST-00945;Neo Mthethwa;46;Small Business;Free State
CUST-00946;Jason Khumalo;47;Small Business;KwaZulu-Natal
CUST-00947;Daniel Ndlovu;39;Corporate;KwaZulu-Natal
CUST-00948;Zanele Ndlovu;30;Consumer;Limpopo
CUST-00949;Nandi Mabena;50;Consumer;Western Cape
CUST-00950;Amahle Peters;39;Consumer;Gauteng
CUST-00951;Mia Dlamini;20;Corporate;Gauteng
CUST-00952;Nandi Dlamini;57;Corporate;Free State
CUST-00953;Leah Van Wyk;35;Consumer;Limpopo
CUST-00954;Amahle Naidoo;33;Corporate;Western Cape
CUST-00955;Lerato Jacobs;47;Corporate;KwaZulu-Natal
CUST-00956;Ethan Mthembu;23;Consumer;Gauteng
CUST-00957;Amahle Botha;41;Small Business;Western Cape
CUST-00958;Neo Mahlangu;34;Consumer;Gauteng
CUST-00959;Nandi Ndlovu;28;Small Business;Limpopo
CUST-00960;Amahle Pillay;31;Consumer;KwaZulu-Natal
CUST-00961;Neo Mthethwa;29;Consumer;Limpopo
CUST-00962;Lerato Naidoo;42;Consumer;Gauteng
CUST-00963;Leah Pretorius;51;Consumer;Western Cape
CUST-00964;Chloe Mthethwa;33;Consumer;Western Cape
CUST-00965;Kayla Mahlangu;25;Consumer;Western Cape
CUST-00966;Lerato Botha;39;Small Business;KwaZulu-Natal
CUST-00967;Ethan Naidoo;27;Consumer;Gauteng
CUST-00968;Nandi Dlamini;18;Small Business;Gauteng
CUST-00969;Daniel Mahlangu;56;Corporate;Gauteng
CUST-00970;Leah Molefe;48;Consumer;Gauteng
CUST-00971;Ayesha Nkosi;61;Consumer;Limpopo
CUST-00972;Ayesha Pillay;19;Small Business;KwaZulu-Natal
CUST-00973;Liam Sithole;37;Consumer;KwaZulu-Natal
CUST-00974;Daniel Van Wyk;41;Consumer;Limpopo
CUST-00975;Ayesha Van Wyk;28;Corporate;Limpopo
CUST-00976;Chloe Ndlovu;31;Consumer;KwaZulu-Natal
CUST-00977;Ethan Mthembu;22;Small Business;Gauteng
CUST-00978;Jason Ndlovu;18;Consumer;KwaZulu-Natal
CUST-00979;Amahle Maseko;41;Consumer;Gauteng
CUST-00980;Amahle Williams;42;Consumer;Western Cape
CUST-00981;Ethan Mabena;48;Consumer;Gauteng
CUST-00982;Naledi Mahlangu;53;Consumer;Free State
CUST-00983;Daniel Dlamini;23;Corporate;Gauteng
CUST-00984;Leah Maseko;30;Small Business;Gauteng
CUST-00985;Nandi Sithole;49;Consumer;Western Cape
CUST-00986;Kagiso Peters;42;Consumer;Gauteng
CUST-00987;Jason Pillay;54;Consumer;Western Cape
CUST-00988;Daniel Williams;47;Consumer;Limpopo
CUST-00989;Thabo Peters;40;Consumer;Limpopo
CUST-00990;Thabo Naidoo;35;Consumer;Limpopo
CUST-00991;Amahle Naidoo;26;Consumer;Free State
CUST-00992;Leah Sithole;49;Small Business;Gauteng
CUST-00993;Leah Mthethwa;20;Small Business;KwaZulu-Natal
CUST-00994;Jason Van Wyk;34;Corporate;Gauteng
CUST-00995;Sipho Dlamini;60;Small Business;Free State
CUST-00996;Neo Maseko;42;Consumer;Gauteng
CUST-00997;Thabo Pillay;28;Consumer;Limpopo
CUST-00998;Chloe Mokoena;30;Consumer;KwaZulu-Natal
CUST-00999;Ethan Dlamini;43;Consumer;KwaZulu-Natal
CUST-01000;Sipho Nkosi;43;Consumer;Western Cape
CUST-01001;Nandi Molefe;39;Small Business;Gauteng
CUST-01002;Naledi Sithole;48;Consumer;KwaZulu-Natal
CUST-01003;Thabo Van Wyk;34;Consumer;Gauteng
CUST-01004;Ethan Khumalo;49;Small Business;Gauteng
CUST-01005;Daniel Ndlovu;46;Consumer;KwaZulu-Natal
CUST-01006;Zanele Van Wyk;26;Consumer;KwaZulu-Natal
CUST-01007;Mia Maseko;23;Corporate;Limpopo
CUST-01008;Kayla Mthethwa;47;Corporate;KwaZulu-Natal
CUST-01009;Naledi Molefe;51;Consumer;KwaZulu-Natal
CUST-01010;Ayesha Nkosi;37;Small Business;Gauteng
CUST-01011;Lerato Van Wyk;45;Consumer;Western Cape
CUST-01012;Nandi Nkosi;32;Consumer;Western Cape
CUST-01013;Liam Mokoena;37;Corporate;Western Cape
CUST-01014;Jason Maseko;43;Consumer;Gauteng
CUST-01015;Leah Pretorius;28;Consumer;Gauteng
CUST-01016;Neo Sithole;25;Small Business;KwaZulu-Natal
CUST-01017;Amahle Naidoo;36;Small Business;Free State
CUST-01018;Chloe Maseko;47;Small Business;Gauteng
CUST-01019;Daniel Mokoena;28;Consumer;KwaZulu-Natal
CUST-01020;Aiden Ndlovu;54;Consumer;KwaZulu-Natal
CUST-01021;Lerato Naidoo;20;Consumer;Western Cape
CUST-01022;Daniel Williams;18;Consumer;KwaZulu-Natal
CUST-01023;Neo Mahlangu;56;Consumer;KwaZulu-Natal
CUST-01024;Liam Mabena;32;Consumer;Gauteng
CUST-01025;Aiden Sithole;44;Consumer;Western Cape
CUST-01026;Mia Khumalo;40;Consumer;Gauteng
CUST-01027;Neo Mabena;43;Consumer;Gauteng
CUST-01028;Liam Jacobs;18;Consumer;Gauteng
CUST-01029;Leah Dlamini;35;Consumer;Western Cape
CUST-01030;Zanele Sithole;40;Small Business;Gauteng
CUST-01031;Ethan Mthembu;35;Consumer;Western Cape
CUST-01032;Amahle Khumalo;23;Small Business;KwaZulu-Natal
CUST-01033;Jason Botha;35;Consumer;Gauteng
CUST-01034;Ethan Mahlangu;27;Small Business;KwaZulu-Natal
CUST-01035;Mpho Khumalo;34;Consumer;Western Cape
CUST-01036;Nandi Molefe;37;Consumer;KwaZulu-Natal
CUST-01037;Chloe Maseko;38;Small Business;Western Cape
CUST-01038;Mia Maseko;34;Consumer;Limpopo
CUST-01039;Lerato Van Wyk;29;Consumer;Gauteng
CUST-01040;Daniel Williams;44;Consumer;KwaZulu-Natal
CUST-01041;Daniel Dlamini;39;Small Business;Western Cape
CUST-01042;Mia Mthembu;20;Consumer;Limpopo
CUST-01043;Chloe Mthembu;48;Consumer;KwaZulu-Natal
CUST-01044;Chloe Jacobs;31;Consumer;Western Cape
CUST-01045;Jason Naidoo;31;Corporate;Western Cape
CUST-01046;Ayesha Mokoena;43;Consumer;Gauteng
CUST-01047;Naledi Mthembu;19;Consumer;Gauteng
CUST-01048;Daniel Van Wyk;37;Consumer;Gauteng
CUST-01049;Jason Van Wyk;34;Consumer;Gauteng
CUST-01050;Amahle Ndlovu;20;Consumer;Western Cape
CUST-01051;Nandi Nkosi;24;Consumer;Western Cape
CUST-01052;Kagiso Peters;47;Consumer;KwaZulu-Natal
CUST-01053;Zanele Pillay;31;Consumer;Western Cape
CUST-01054;Neo Mthethwa;26;Small Business;Limpopo
CUST-01055;Liam Peters;18;Consumer;KwaZulu-Natal
CUST-01056;Daniel Pretorius;18;Small Business;Limpopo
CUST-01057;Mpho Pillay;21;Consumer;Gauteng
CUST-01058;Chloe Dlamini;36;Consumer;Gauteng
CUST-01059;Mpho Pillay;21;Consumer;Gauteng
CUST-01060;Lerato Williams;37;Consumer;KwaZulu-Natal
CUST-01061;Leah Dlamini;48;Consumer;Western Cape
CUST-01062;Neo Jacobs;36;Small Business;KwaZulu-Natal
CUST-01063;Mia Pillay;29;Corporate;Limpopo
CUST-01064;Ethan Mthembu;36;Consumer;Western Cape
CUST-01065;Sipho Van Wyk;46;Consumer;Gauteng
CUST-01066;Daniel Van Wyk;31;Consumer;Gauteng
CUST-01067;Daniel Mthembu;29;Consumer;Gauteng
CUST-01068;Lerato Peters;36;Corporate;Gauteng
CUST-01069;Amahle Dlamini;44;Consumer;KwaZulu-Natal
CUST-01070;Zanele Jacobs;43;Consumer;Free State
CUST-01071;Thabo Williams;29;Consumer;Free State
CUST-01072;Mpho Mthethwa;22;Consumer;Western Cape
CUST-01073;Nandi Jacobs;40;Consumer;Gauteng
CUST-01074;Leah Botha;46;Consumer;Gauteng
CUST-01075;Kayla Sithole;28;Consumer;Gauteng
CUST-01076;Jason Sithole;18;Consumer;Western Cape
CUST-01077;Kagiso Pretorius;49;Consumer;Gauteng
CUST-01078;Jason Khumalo;28;Consumer;Gauteng
CUST-01079;Sipho Molefe;33;Small Business;Western Cape
CUST-01080;Zanele Peters;51;Consumer;Gauteng
CUST-01081;Chloe Peters;31;Small Business;Western Cape
CUST-01082;Thabo Maseko;34;Consumer;Gauteng
CUST-01083;Ayesha Jacobs;22;Consumer;KwaZulu-Natal
CUST-01084;Sipho Ndlovu;45;Consumer;KwaZulu-Natal
CUST-01085;Mia Pillay;51;Consumer;KwaZulu-Natal
CUST-01086;Nandi Jacobs;34;Consumer;Gauteng
CUST-01087;Kayla Molefe;29;Consumer;Gauteng
CUST-01088;Jason Mokoena;35;Consumer;Free State
CUST-01089;Liam Botha;38;Consumer;Limpopo
CUST-01090;Kagiso Maseko;45;Consumer;Gauteng
CUST-01091;Neo Van Wyk;23;Corporate;Gauteng
CUST-01092;Mpho Mokoena;41;Consumer;Free State
CUST-01093;Kayla Khumalo;52;Consumer;Gauteng
CUST-01094;Kagiso Dlamini;38;Consumer;Free State
CUST-01095;Jason Mthembu;37;Corporate;Free State
CUST-01096;Aiden Mabena;35;Small Business;Western Cape
CUST-01097;Liam Naidoo;37;Consumer;Western Cape
CUST-01098;Lerato Khumalo;37;Consumer;Western Cape
CUST-01099;Amahle Jacobs;28;Consumer;Gauteng
CUST-01100;Aiden Pretorius;33;Consumer;Gauteng
CUST-01101;Thabo Mokoena;30;Consumer;Gauteng
CUST-01102;Sipho Botha;36;Consumer;Free State
CUST-01103;Liam Jacobs;37;Corporate;Gauteng
CUST-01104;Sipho Dlamini;19;Consumer;Western Cape
CUST-01105;Jason Sithole;31;Consumer;KwaZulu-Natal
CUST-01106;Naledi Mahlangu;54;Consumer;KwaZulu-Natal
CUST-01107;Ayesha Pretorius;42;Consumer;Western Cape
CUST-01108;Naledi Mabena;59;Consumer;Gauteng
CUST-01109;Zanele Maseko;38;Small Business;Gauteng
CUST-01110;Kagiso Molefe;53;Consumer;Limpopo
CUST-01111;Neo Naidoo;36;Consumer;Limpopo
CUST-01112;Kagiso Naidoo;48;Small Business;Western Cape
CUST-01113;Kagiso Ndlovu;35;Consumer;KwaZulu-Natal
CUST-01114;Lerato Mthembu;29;Consumer;Western Cape
CUST-01115;Sipho Nkosi;23;Consumer;Gauteng
CUST-01116;Liam Maseko;37;Consumer;Gauteng
CUST-01117;Leah Sithole;23;Consumer;Free State
CUST-01118;Naledi Naidoo;27;Consumer;Gauteng
CUST-01119;Neo Mabena;29;Consumer;Western Cape
CUST-01120;Leah Williams;36;Consumer;KwaZulu-Natal
CUST-01121;Sipho Nkosi;20;Consumer;Gauteng
CUST-01122;Sipho Mthethwa;41;Consumer;Western Cape
CUST-01123;Mia Ndlovu;35;Small Business;Western Cape
CUST-01124;Aiden Mahlangu;37;Consumer;Gauteng
CUST-01125;Sipho Sithole;36;Consumer;Gauteng
CUST-01126;Lerato Mokoena;37;Corporate;KwaZulu-Natal
CUST-01127;Neo Mokoena;27;Consumer;Gauteng
CUST-01128;Leah Peters;43;Corporate;Western Cape
CUST-01129;Mpho Khumalo;33;Corporate;Gauteng
CUST-01130;Naledi Khumalo;31;Corporate;Free State
CUST-01131;Liam Nkosi;40;Consumer;Gauteng
CUST-01132;Mpho Sithole;53;Consumer;Western Cape
CUST-01133;Aiden Pillay;36;Consumer;Free State
CUST-01134;Aiden Maseko;43;Small Business;Limpopo
CUST-01135;Kayla Pretorius;39;Consumer;Western Cape
CUST-01136;Aiden Mabena;42;Consumer;Gauteng
CUST-01137;Chloe Ndlovu;28;Corporate;Gauteng
CUST-01138;Lerato Nkosi;30;Consumer;Western Cape
CUST-01139;Zanele Williams;45;Consumer;KwaZulu-Natal
CUST-01140;Leah Khumalo;51;Consumer;Gauteng
CUST-01141;Thabo Molefe;31;Consumer;Gauteng
CUST-01142;Ayesha Mthembu;39;Small Business;Western Cape
CUST-01143;Chloe Naidoo;31;Consumer;Western Cape
CUST-01144;Leah Maseko;29;Consumer;Gauteng
CUST-01145;Jason Botha;25;Consumer;Limpopo
CUST-01146;Daniel Mabena;48;Consumer;Gauteng
CUST-01147;Ethan Dlamini;36;Consumer;Western Cape
CUST-01148;Nandi Sithole;49;Small Business;Gauteng
CUST-01149;Zanele Molefe;41;Small Business;KwaZulu-Natal
CUST-01150;Lerato Sithole;25;Consumer;KwaZulu-Natal
CUST-01151;Zanele Mthethwa;25;Consumer;Western Cape
CUST-01152;Sipho Mthethwa;29;Small Business;KwaZulu-Natal
CUST-01153;Amahle Peters;41;Consumer;Free State
CUST-01154;Leah Pillay;52;Small Business;KwaZulu-Natal
CUST-01155;Thabo Maseko;42;Small Business;Limpopo
CUST-01156;Amahle Nkosi;50;Small Business;KwaZulu-Natal
CUST-01157;Kagiso Khumalo;29;Consumer;Limpopo
CUST-01158;Mpho Botha;30;Consumer;Western Cape
CUST-01159;Zanele Molefe;34;Consumer;KwaZulu-Natal
CUST-01160;Jason Peters;35;Consumer;Western Cape
CUST-01161;Mpho Williams;22;Consumer;Free State
CUST-01162;Neo Jacobs;57;Consumer;Gauteng
CUST-01163;Naledi Pillay;48;Consumer;KwaZulu-Natal
CUST-01164;Zanele Ndlovu;51;Small Business;KwaZulu-Natal
CUST-01165;Lerato Ndlovu;27;Consumer;KwaZulu-Natal
CUST-01166;Mpho Botha;45;Consumer;KwaZulu-Natal
CUST-01167;Leah Pillay;40;Consumer;Gauteng
CUST-01168;Aiden Naidoo;47;Consumer;Free State
CUST-01169;Jason Pretorius;37;Consumer;Western Cape
CUST-01170;Mpho Mthembu;18;Consumer;Gauteng
CUST-01171;Lerato Mahlangu;40;Consumer;Gauteng
CUST-01172;Naledi Peters;48;Corporate;Gauteng
CUST-01173;Daniel Mthembu;40;Consumer;Gauteng
CUST-01174;Aiden Pretorius;37;Consumer;Gauteng
CUST-01175;Ayesha Dlamini;51;Small Business;Gauteng
CUST-01176;Mia Nkosi;56;Consumer;Limpopo
CUST-01177;Jason Sithole;34;Consumer;Limpopo
CUST-01178;Nandi Pretorius;45;Consumer;Gauteng
CUST-01179;Naledi Sithole;58;Consumer;Western Cape
CUST-01180;Jason Peters;39;Consumer;KwaZulu-Natal
CUST-01181;Naledi Pretorius;30;Consumer;Limpopo
CUST-01182;Ayesha Peters;36;Small Business;Gauteng
CUST-01183;Aiden Mthethwa;46;Consumer;Western Cape
CUST-01184;Neo Peters;36;Small Business;KwaZulu-Natal
CUST-01185;Mpho Dlamini;45;Consumer;KwaZulu-Natal
CUST-01186;Chloe Pretorius;34;Small Business;Limpopo
CUST-01187;Jason Ndlovu;28;Consumer;Limpopo
CUST-01188;Neo Williams;53;Small Business;Limpopo
CUST-01189;Lerato Molefe;37;Corporate;Limpopo
CUST-01190;Kagiso Williams;39;Small Business;Western Cape
CUST-01191;Jason Peters;37;Corporate;Gauteng
CUST-01192;Amahle Naidoo;30;Consumer;Free State
CUST-01193;Sipho Sithole;55;Consumer;Western Cape
CUST-01194;Jason Botha;41;Consumer;Free State
CUST-01195;Naledi Dlamini;45;Corporate;KwaZulu-Natal
CUST-01196;Jason Ndlovu;31;Small Business;Gauteng
CUST-01197;Daniel Williams;18;Consumer;Gauteng
CUST-01198;Naledi Molefe;18;Consumer;Gauteng
CUST-01199;Nandi Williams;38;Small Business;Gauteng
CUST-01200;Kagiso Botha;51;Consumer;KwaZulu-Natal
CUST-01201;Kagiso Mthethwa;43;Consumer;KwaZulu-Natal
CUST-01202;Chloe Peters;43;Corporate;Limpopo
CUST-01203;Kayla Mokoena;54;Consumer;Gauteng
CUST-01204;Daniel Mahlangu;48;Consumer;Gauteng
CUST-01205;Mpho Sithole;22;Corporate;Gauteng
CUST-01206;Leah Naidoo;41;Small Business;Limpopo
CUST-01207;Daniel Mahlangu;36;Small Business;Western Cape
CUST-01208;Kagiso Pretorius;19;Small Business;KwaZulu-Natal
CUST-01209;Liam Jacobs;22;Consumer;Gauteng
CUST-01210;Kagiso Pillay;52;Consumer;Western Cape
CUST-01211;Neo Mthethwa;50;Small Business;Free State
CUST-01212;Kayla Naidoo;27;Consumer;Western Cape
CUST-01213;Chloe Mahlangu;46;Consumer;Western Cape
CUST-01214;Aiden Nkosi;28;Small Business;Gauteng
CUST-01215;Lerato Ndlovu;24;Consumer;Western Cape
CUST-01216;Liam Dlamini;38;Consumer;KwaZulu-Natal
CUST-01217;Daniel Mthembu;18;Consumer;Limpopo
CUST-01218;Ethan Mabena;55;Small Business;Gauteng
CUST-01219;Leah Mabena;40;Consumer;Free State
CUST-01220;Amahle Dlamini;38;Small Business;Free State
CUST-01221;Ethan Williams;47;Small Business;KwaZulu-Natal
CUST-01222;Sipho Botha;50;Consumer;Gauteng
CUST-01223;Kagiso Mokoena;47;Consumer;KwaZulu-Natal
CUST-01224;Kayla Naidoo;37;Small Business;Gauteng
CUST-01225;Mpho Mthembu;29;Small Business;Free State
CUST-01226;Naledi Sithole;45;Consumer;Gauteng
CUST-01227;Chloe Nkosi;31;Consumer;Western Cape
CUST-01228;Mpho Ndlovu;41;Small Business;KwaZulu-Natal
CUST-01229;Mpho Khumalo;28;Consumer;KwaZulu-Natal
CUST-01230;Daniel Nkosi;18;Small Business;Gauteng
CUST-01231;Liam Van Wyk;19;Consumer;Western Cape
CUST-01232;Kagiso Mthembu;18;Consumer;Western Cape
CUST-01233;Ethan Molefe;40;Consumer;Western Cape
CUST-01234;Neo Jacobs;38;Small Business;KwaZulu-Natal
CUST-01235;Naledi Molefe;25;Consumer;Gauteng
CUST-01236;Mpho Khumalo;38;Consumer;Western Cape
CUST-01237;Zanele Mthethwa;40;Consumer;Gauteng
CUST-01238;Kagiso Jacobs;36;Small Business;KwaZulu-Natal
CUST-01239;Amahle Mthethwa;39;Consumer;KwaZulu-Natal
CUST-01240;Naledi Dlamini;42;Small Business;KwaZulu-Natal
CUST-01241;Nandi Mokoena;32;Consumer;Gauteng
CUST-01242;Zanele Ndlovu;42;Small Business;KwaZulu-Natal
CUST-01243;Mia Mabena;44;Consumer;Western Cape
CUST-01244;Sipho Ndlovu;44;Consumer;Western Cape
CUST-01245;Naledi Naidoo;26;Consumer;KwaZulu-Natal
CUST-01246;Mpho Maseko;37;Consumer;Gauteng
CUST-01247;Daniel Naidoo;23;Consumer;Limpopo
CUST-01248;Liam Naidoo;25;Consumer;KwaZulu-Natal
CUST-01249;Ethan Mahlangu;27;Consumer;Gauteng
CUST-01250;Kagiso Pretorius;38;Consumer;Western Cape
CUST-01251;Lerato Williams;35;Corporate;Gauteng
CUST-01252;Kagiso Dlamini;35;Corporate;Gauteng
CUST-01253;Leah Peters;41;Consumer;Limpopo
CUST-01254;Nandi Pretorius;29;Consumer;Western Cape
CUST-01255;Ayesha Pillay;43;Small Business;Gauteng
CUST-01256;Zanele Mthembu;37;Consumer;KwaZulu-Natal
CUST-01257;Amahle Williams;24;Consumer;Gauteng
CUST-01258;Sipho Ndlovu;25;Small Business;Limpopo
CUST-01259;Thabo Maseko;23;Consumer;KwaZulu-Natal
CUST-01260;Sipho Peters;31;Consumer;Limpopo
CUST-01261;Kayla Botha;32;Small Business;Western Cape
CUST-01262;Thabo Van Wyk;18;Corporate;KwaZulu-Natal
CUST-01263;Leah Mahlangu;41;Small Business;Gauteng
CUST-01264;Thabo Naidoo;18;Consumer;Free State
CUST-01265;Ayesha Pretorius;49;Consumer;Free State
CUST-01266;Liam Botha;49;Consumer;Gauteng
CUST-01267;Liam Jacobs;29;Consumer;Gauteng
CUST-01268;Ethan Williams;34;Consumer;Limpopo
CUST-01269;Leah Mthethwa;46;Small Business;Western Cape
CUST-01270;Naledi Nkosi;35;Small Business;Gauteng
CUST-01271;Ayesha Khumalo;35;Consumer;Gauteng
CUST-01272;Mpho Peters;33;Small Business;Gauteng
CUST-01273;Kagiso Sithole;21;Consumer;Gauteng
CUST-01274;Lerato Molefe;28;Consumer;KwaZulu-Natal
CUST-01275;Mpho Botha;35;Small Business;KwaZulu-Natal
CUST-01276;Daniel Khumalo;51;Consumer;Limpopo
CUST-01277;Amahle Khumalo;25;Consumer;Western Cape
CUST-01278;Neo Khumalo;18;Consumer;Gauteng
CUST-01279;Lerato Molefe;36;Consumer;Limpopo
CUST-01280;Kayla Jacobs;44;Consumer;Free State
CUST-01281;Zanele Peters;26;Consumer;Limpopo
CUST-01282;Daniel Mahlangu;36;Consumer;KwaZulu-Natal
CUST-01283;Jason Molefe;46;Small Business;Limpopo
CUST-01284;Sipho Mabena;31;Consumer;Western Cape
CUST-01285;Mpho Pretorius;33;Consumer;Limpopo
CUST-01286;Neo Jacobs;18;Consumer;Gauteng
CUST-01287;Zanele Peters;39;Small Business;KwaZulu-Natal
CUST-01288;Liam Sithole;31;Small Business;KwaZulu-Natal
CUST-01289;Kagiso Naidoo;34;Consumer;KwaZulu-Natal
CUST-01290;Jason Mthethwa;45;Consumer;Gauteng
CUST-01291;Mia Peters;40;Small Business;Gauteng
CUST-01292;Sipho Van Wyk;22;Consumer;Gauteng
CUST-01293;Chloe Pretorius;44;Consumer;Gauteng
CUST-01294;Thabo Pretorius;37;Consumer;Western Cape
CUST-01295;Leah Mahlangu;42;Small Business;KwaZulu-Natal
CUST-01296;Ayesha Pillay;35;Consumer;Gauteng
CUST-01297;Ayesha Sithole;24;Consumer;Gauteng
CUST-01298;Liam Williams;40;Consumer;Gauteng
CUST-01299;Sipho Mthethwa;33;Consumer;Gauteng
CUST-01300;Ethan Khumalo;36;Consumer;Free State
CUST-01301;Amahle Maseko;36;Consumer;Free State
CUST-01302;Lerato Khumalo;35;Consumer;Gauteng
CUST-01303;Nandi Khumalo;27;Consumer;Limpopo
CUST-01304;Chloe Williams;36;Consumer;Western Cape
CUST-01305;Liam Botha;36;Consumer;Western Cape
CUST-01306;Daniel Nkosi;31;Small Business;Gauteng
CUST-01307;Neo Naidoo;25;Corporate;Gauteng
CUST-01308;Sipho Pretorius;49;Consumer;Gauteng
CUST-01309;Mpho Mthembu;37;Small Business;Free State
CUST-01310;Ayesha Williams;34;Consumer;Gauteng
CUST-01311;Zanele Van Wyk;49;Consumer;Gauteng
CUST-01312;Jason Mabena;48;Consumer;Gauteng
CUST-01313;Ayesha Sithole;36;Consumer;Western Cape
CUST-01314;Lerato Pillay;24;Consumer;Limpopo
CUST-01315;Amahle Dlamini;42;Consumer;Limpopo
CUST-01316;Kagiso Naidoo;32;Corporate;KwaZulu-Natal
CUST-01317;Kayla Mahlangu;34;Consumer;Gauteng
CUST-01318;Amahle Jacobs;35;Consumer;Gauteng
CUST-01319;Amahle Nkosi;45;Consumer;KwaZulu-Natal
CUST-01320;Ethan Molefe;36;Consumer;Gauteng
CUST-01321;Lerato Van Wyk;36;Consumer;KwaZulu-Natal
CUST-01322;Zanele Jacobs;45;Corporate;Free State
CUST-01323;Ayesha Molefe;34;Consumer;KwaZulu-Natal
CUST-01324;Ethan Molefe;37;Consumer;Gauteng
CUST-01325;Ayesha Nkosi;32;Consumer;Limpopo
CUST-01326;Amahle Khumalo;26;Consumer;KwaZulu-Natal
CUST-01327;Nandi Peters;33;Consumer;Western Cape
CUST-01328;Thabo Mokoena;29;Small Business;KwaZulu-Natal
CUST-01329;Leah Mokoena;39;Consumer;Limpopo
CUST-01330;Thabo Sithole;34;Consumer;KwaZulu-Natal
CUST-01331;Chloe Botha;52;Consumer;Western Cape
CUST-01332;Leah Mthethwa;31;Consumer;Western Cape
CUST-01333;Chloe Molefe;57;Consumer;Gauteng
CUST-01334;Mia Maseko;33;Corporate;KwaZulu-Natal
CUST-01335;Aiden Pillay;27;Corporate;Free State
CUST-01336;Kayla Nkosi;48;Corporate;Western Cape
CUST-01337;Jason Dlamini;54;Consumer;Free State
CUST-01338;Liam Naidoo;43;Consumer;Western Cape
CUST-01339;Naledi Pillay;34;Small Business;Gauteng
CUST-01340;Daniel Sithole;38;Consumer;Western Cape
CUST-01341;Amahle Mahlangu;33;Small Business;Free State
CUST-01342;Ayesha Botha;48;Consumer;Gauteng
CUST-01343;Sipho Jacobs;27;Consumer;Gauteng
CUST-01344;Chloe Pillay;39;Consumer;Gauteng
CUST-01345;Aiden Ndlovu;47;Small Business;KwaZulu-Natal
CUST-01346;Nandi Ndlovu;26;Consumer;KwaZulu-Natal
CUST-01347;Ayesha Dlamini;34;Consumer;Western Cape
CUST-01348;Nandi Mahlangu;19;Consumer;Gauteng
CUST-01349;Amahle Peters;41;Corporate;Western Cape
CUST-01350;Neo Khumalo;37;Consumer;Western Cape
CUST-01351;Aiden Botha;29;Consumer;Gauteng
CUST-01352;Aiden Van Wyk;21;Consumer;Limpopo
CUST-01353;Liam Molefe;36;Consumer;Gauteng
CUST-01354;Daniel Naidoo;33;Consumer;KwaZulu-Natal
CUST-01355;Ayesha Mthembu;25;Consumer;Western Cape
CUST-01356;Kayla Molefe;38;Consumer;Gauteng
CUST-01357;Nandi Mokoena;29;Consumer;Free State
CUST-01358;Sipho Mokoena;34;Corporate;Western Cape
CUST-01359;Kayla Mthethwa;43;Corporate;Gauteng
CUST-01360;Lerato Jacobs;51;Corporate;Western Cape
CUST-01361;Mpho Williams;36;Consumer;Free State
CUST-01362;Ayesha Nkosi;32;Consumer;Limpopo
CUST-01363;Kagiso Mthembu;49;Consumer;Gauteng
CUST-01364;Sipho Dlamini;34;Consumer;Gauteng
CUST-01365;Neo Williams;23;Small Business;KwaZulu-Natal
CUST-01366;Thabo Jacobs;37;Consumer;Free State
CUST-01367;Zanele Mokoena;18;Small Business;Gauteng
CUST-01368;Leah Nkosi;47;Consumer;Western Cape
CUST-01369;Aiden Mthethwa;27;Consumer;Western Cape
CUST-01370;Thabo Mahlangu;18;Consumer;Limpopo
CUST-01371;Ethan Pillay;49;Consumer;KwaZulu-Natal
CUST-01372;Ayesha Pillay;36;Consumer;Gauteng
CUST-01373;Neo Ndlovu;44;Consumer;KwaZulu-Natal
CUST-01374;Ethan Naidoo;25;Consumer;Gauteng
CUST-01375;Ethan Mabena;22;Consumer;Limpopo
CUST-01376;Thabo Sithole;55;Small Business;Limpopo
CUST-01377;Lerato Pretorius;38;Small Business;Western Cape
CUST-01378;Ethan Peters;50;Small Business;Gauteng
CUST-01379;Amahle Van Wyk;42;Consumer;Western Cape
CUST-01380;Sipho Maseko;33;Consumer;Limpopo
CUST-01381;Chloe Peters;25;Small Business;Free State
CUST-01382;Kayla Jacobs;34;Small Business;Gauteng
CUST-01383;Lerato Mthethwa;68;Consumer;Gauteng
CUST-01384;Amahle Pillay;29;Consumer;Western Cape
CUST-01385;Thabo Mthethwa;18;Consumer;Limpopo
CUST-01386;Leah Van Wyk;33;Small Business;Gauteng
CUST-01387;Thabo Mthethwa;28;Small Business;KwaZulu-Natal
CUST-01388;Sipho Naidoo;28;Consumer;Western Cape
CUST-01389;Nandi Jacobs;45;Consumer;Gauteng
CUST-01390;Chloe Mthembu;46;Consumer;Gauteng
CUST-01391;Liam Molefe;43;Small Business;Gauteng
CUST-01392;Amahle Khumalo;43;Consumer;Western Cape
CUST-01393;Zanele Van Wyk;40;Consumer;KwaZulu-Natal
CUST-01394;Ayesha Pillay;55;Consumer;Gauteng
CUST-01395;Liam Mokoena;37;Consumer;Free State
CUST-01396;Ayesha Khumalo;25;Consumer;Gauteng
CUST-01397;Amahle Peters;59;Consumer;Gauteng
CUST-01398;Leah Van Wyk;18;Small Business;Gauteng
CUST-01399;Mia Mahlangu;34;Consumer;KwaZulu-Natal
CUST-01400;Daniel Mahlangu;34;Small Business;Gauteng
CUST-01401;Mpho Botha;32;Consumer;Gauteng
CUST-01402;Liam Naidoo;56;Consumer;Limpopo
CUST-01403;Ethan Mahlangu;26;Consumer;Free State
CUST-01404;Leah Sithole;30;Consumer;Western Cape
CUST-01405;Neo Molefe;43;Small Business;Gauteng
CUST-01406;Daniel Dlamini;35;Corporate;KwaZulu-Natal
CUST-01407;Sipho Mokoena;25;Corporate;Limpopo
CUST-01408;Liam Mthembu;53;Consumer;Gauteng
CUST-01409;Daniel Mthembu;35;Consumer;Limpopo
CUST-01410;Mpho Maseko;33;Consumer;Gauteng
CUST-01411;Daniel Peters;24;Consumer;Gauteng
CUST-01412;Ayesha Sithole;41;Consumer;Gauteng
CUST-01413;Sipho Williams;39;Consumer;Gauteng
CUST-01414;Jason Pillay;38;Small Business;Gauteng
CUST-01415;Daniel Molefe;33;Consumer;Western Cape
CUST-01416;Ethan Khumalo;48;Consumer;Limpopo
CUST-01417;Ethan Mthethwa;33;Corporate;Western Cape
CUST-01418;Leah Sithole;47;Corporate;Gauteng
CUST-01419;Zanele Ndlovu;41;Corporate;Western Cape
CUST-01420;Ethan Sithole;29;Consumer;Western Cape
CUST-01421;Kagiso Dlamini;44;Consumer;Gauteng
CUST-01422;Naledi Nkosi;51;Small Business;Free State
CUST-01423;Nandi Peters;28;Small Business;Gauteng
CUST-01424;Naledi Mokoena;54;Corporate;Gauteng
CUST-01425;Neo Maseko;21;Consumer;Western Cape
CUST-01426;Mpho Ndlovu;22;Consumer;Free State
CUST-01427;Thabo Pillay;29;Consumer;Gauteng
CUST-01428;Aiden Molefe;34;Consumer;Gauteng
CUST-01429;Naledi Mabena;44;Consumer;Gauteng
CUST-01430;Amahle Williams;62;Corporate;Free State
CUST-01431;Sipho Botha;47;Consumer;KwaZulu-Natal
CUST-01432;Amahle Mahlangu;39;Consumer;Limpopo
CUST-01433;Mpho Jacobs;28;Small Business;Western Cape
CUST-01434;Aiden Van Wyk;25;Consumer;Western Cape
CUST-01435;Thabo Pillay;35;Consumer;KwaZulu-Natal
CUST-01436;Mia Van Wyk;40;Small Business;Gauteng
CUST-01437;Lerato Mthethwa;32;Consumer;Western Cape
CUST-01438;Kayla Jacobs;48;Consumer;Gauteng
CUST-01439;Jason Mokoena;32;Consumer;Western Cape
CUST-01440;Neo Molefe;26;Consumer;Western Cape
CUST-01441;Sipho Van Wyk;23;Consumer;Limpopo
CUST-01442;Zanele Molefe;39;Consumer;KwaZulu-Natal
CUST-01443;Nandi Pillay;36;Small Business;Gauteng
CUST-01444;Mpho Mthembu;28;Consumer;Gauteng
CUST-01445;Naledi Sithole;31;Consumer;Free State
CUST-01446;Thabo Pillay;30;Small Business;Gauteng
CUST-01447;Naledi Jacobs;26;Small Business;Western Cape
CUST-01448;Jason Ndlovu;47;Consumer;Western Cape
CUST-01449;Chloe Jacobs;29;Consumer;KwaZulu-Natal
CUST-01450;Aiden Van Wyk;25;Consumer;Gauteng
CUST-01451;Mia Botha;36;Small Business;Gauteng
CUST-01452;Nandi Naidoo;18;Consumer;Western Cape
CUST-01453;Aiden Khumalo;37;Consumer;Gauteng
CUST-01454;Thabo Peters;45;Small Business;KwaZulu-Natal
CUST-01455;Jason Molefe;49;Consumer;Gauteng
CUST-01456;Liam Khumalo;29;Consumer;Western Cape
CUST-01457;Neo Williams;30;Consumer;Gauteng
CUST-01458;Nandi Mabena;41;Small Business;Limpopo
CUST-01459;Thabo Naidoo;65;Consumer;Western Cape
CUST-01460;Naledi Jacobs;48;Consumer;Gauteng
CUST-01461;Nandi Mokoena;66;Consumer;Limpopo
CUST-01462;Chloe Khumalo;37;Small Business;Gauteng
CUST-01463;Lerato Maseko;43;Consumer;KwaZulu-Natal
CUST-01464;Aiden Mthembu;49;Consumer;Free State
CUST-01465;Daniel Jacobs;37;Consumer;Gauteng
CUST-01466;Jason Ndlovu;45;Consumer;Western Cape
CUST-01467;Ayesha Molefe;43;Consumer;KwaZulu-Natal
CUST-01468;Mpho Jacobs;19;Consumer;Limpopo
CUST-01469;Mpho Dlamini;29;Consumer;Gauteng
CUST-01470;Kayla Williams;29;Consumer;Gauteng
CUST-01471;Chloe Khumalo;36;Consumer;Gauteng
CUST-01472;Chloe Peters;41;Consumer;Limpopo
CUST-01473;Ayesha Dlamini;39;Consumer;Western Cape
CUST-01474;Mpho Molefe;37;Consumer;Limpopo
CUST-01475;Kayla Naidoo;55;Consumer;KwaZulu-Natal
CUST-01476;Nandi Maseko;18;Consumer;Free State
CUST-01477;Mia Khumalo;26;Consumer;Gauteng
CUST-01478;Ethan Mthembu;30;Consumer;Free State
CUST-01479;Nandi Mahlangu;27;Small Business;Gauteng
CUST-01480;Mpho Mthembu;34;Consumer;Gauteng
CUST-01481;Neo Pillay;53;Consumer;Gauteng
CUST-01482;Liam Molefe;30;Consumer;Limpopo
CUST-01483;Ayesha Pretorius;66;Small Business;Free State
CUST-01484;Chloe Mthethwa;25;Consumer;KwaZulu-Natal
CUST-01485;Chloe Van Wyk;39;Small Business;KwaZulu-Natal
CUST-01486;Neo Van Wyk;46;Consumer;Gauteng
CUST-01487;Lerato Nkosi;48;Consumer;Gauteng
CUST-01488;Liam Naidoo;26;Consumer;Gauteng
CUST-01489;Mpho Pretorius;20;Consumer;Gauteng
CUST-01490;Mpho Mahlangu;26;Consumer;Free State
CUST-01491;Zanele Pillay;36;Consumer;Limpopo
CUST-01492;Lerato Sithole;23;Small Business;Western Cape
CUST-01493;Zanele Mthethwa;35;Small Business;Western Cape
CUST-01494;Aiden Nkosi;26;Consumer;Free State
CUST-01495;Sipho Botha;20;Consumer;Free State
CUST-01496;Thabo Williams;24;Consumer;Western Cape
CUST-01497;Kagiso Maseko;27;Consumer;KwaZulu-Natal
CUST-01498;Neo Peters;19;Consumer;Free State
CUST-01499;Daniel Van Wyk;18;Small Business;Gauteng
CUST-01500;Mpho Peters;18;Consumer;Gauteng
CUST-01501;Mia Botha;32;Consumer;Free State
CUST-01502;Mpho Ndlovu;37;Consumer;Free State
CUST-01503;Nandi Williams;34;Consumer;Limpopo
CUST-01504;Chloe Pillay;51;Consumer;KwaZulu-Natal
CUST-01505;Liam Maseko;39;Small Business;Gauteng
CUST-01506;Sipho Pillay;24;Consumer;Gauteng
CUST-01507;Mia Van Wyk;25;Consumer;Gauteng
CUST-01508;Sipho Sithole;29;Consumer;Gauteng
CUST-01509;Kayla Nkosi;24;Consumer;Gauteng
CUST-01510;Ethan Van Wyk;40;Consumer;Free State
CUST-01511;Neo Maseko;49;Small Business;Gauteng
CUST-01512;Kayla Khumalo;29;Small Business;Free State
CUST-01513;Kayla Molefe;31;Small Business;Free State
CUST-01514;Ayesha Ndlovu;32;Small Business;Western Cape
CUST-01515;Kagiso Maseko;47;Consumer;Limpopo
CUST-01516;Ethan Khumalo;39;Consumer;Western Cape
CUST-01517;Chloe Mahlangu;38;Consumer;Limpopo
CUST-01518;Mpho Mthethwa;25;Consumer;KwaZulu-Natal
CUST-01519;Nandi Mahlangu;34;Corporate;Gauteng
CUST-01520;Kagiso Naidoo;48;Small Business;Gauteng
CUST-01521;Kayla Williams;36;Small Business;KwaZulu-Natal
CUST-01522;Neo Van Wyk;49;Consumer;KwaZulu-Natal
CUST-01523;Naledi Maseko;22;Small Business;Gauteng
CUST-01524;Daniel Mthethwa;45;Consumer;Gauteng
CUST-01525;Mpho Mahlangu;62;Consumer;Western Cape
CUST-01526;Kayla Williams;49;Small Business;Limpopo
CUST-01527;Aiden Williams;40;Consumer;Gauteng
CUST-01528;Lerato Mthethwa;49;Consumer;Western Cape
CUST-01529;Chloe Khumalo;46;Consumer;Gauteng
CUST-01530;Zanele Williams;34;Consumer;Western Cape
CUST-01531;Daniel Maseko;35;Consumer;Gauteng
CUST-01532;Daniel Mabena;42;Consumer;KwaZulu-Natal
CUST-01533;Amahle Pillay;39;Consumer;Gauteng
CUST-01534;Kagiso Molefe;26;Small Business;Western Cape
CUST-01535;Mia Mthembu;40;Consumer;Western Cape
CUST-01536;Sipho Botha;37;Consumer;Gauteng
CUST-01537;Amahle Ndlovu;43;Consumer;KwaZulu-Natal
CUST-01538;Daniel Sithole;46;Consumer;Gauteng
CUST-01539;Aiden Van Wyk;21;Consumer;Western Cape
CUST-01540;Aiden Mabena;18;Consumer;Free State
CUST-01541;Zanele Naidoo;53;Small Business;Gauteng
CUST-01542;Amahle Mokoena;25;Corporate;Gauteng
CUST-01543;Aiden Sithole;27;Consumer;Limpopo
CUST-01544;Lerato Williams;24;Consumer;Gauteng
CUST-01545;Naledi Naidoo;35;Small Business;Gauteng
CUST-01546;Neo Ndlovu;34;Small Business;Gauteng
CUST-01547;Zanele Williams;42;Consumer;Western Cape
CUST-01548;Zanele Mthembu;30;Small Business;Gauteng
CUST-01549;Ayesha Mahlangu;32;Consumer;Western Cape
CUST-01550;Mia Ndlovu;32;Consumer;KwaZulu-Natal
CUST-01551;Amahle Jacobs;40;Consumer;Gauteng
CUST-01552;Daniel Dlamini;37;Consumer;Western Cape
CUST-01553;Naledi Williams;28;Small Business;Western Cape
CUST-01554;Aiden Sithole;32;Small Business;Free State
CUST-01555;Amahle Peters;25;Consumer;Gauteng
CUST-01556;Aiden Maseko;18;Small Business;Gauteng
CUST-01557;Kagiso Mthembu;26;Small Business;Gauteng
CUST-01558;Liam Maseko;26;Small Business;Western Cape
CUST-01559;Thabo Jacobs;50;Corporate;Gauteng
CUST-01560;Lerato Mokoena;45;Consumer;Gauteng
CUST-01561;Daniel Pretorius;18;Consumer;Western Cape
CUST-01562;Jason Pretorius;36;Small Business;Western Cape
CUST-01563;Neo Van Wyk;55;Consumer;Western Cape
CUST-01564;Kayla Pillay;33;Small Business;Gauteng
CUST-01565;Neo Molefe;42;Consumer;Western Cape
CUST-01566;Liam Mokoena;38;Consumer;KwaZulu-Natal
CUST-01567;Nandi Molefe;42;Small Business;Western Cape
CUST-01568;Mia Ndlovu;31;Consumer;Limpopo
CUST-01569;Sipho Nkosi;48;Consumer;Western Cape
CUST-01570;Neo Mthethwa;56;Small Business;Gauteng
CUST-01571;Ethan Mthembu;33;Consumer;Gauteng
CUST-01572;Liam Maseko;40;Consumer;KwaZulu-Natal
CUST-01573;Mia Ndlovu;40;Consumer;Gauteng
CUST-01574;Daniel Mthethwa;32;Consumer;Western Cape
CUST-01575;Kayla Molefe;38;Small Business;Gauteng
CUST-01576;Kayla Botha;28;Small Business;KwaZulu-Natal
CUST-01577;Leah Ndlovu;26;Corporate;KwaZulu-Natal
CUST-01578;Mpho Khumalo;40;Consumer;Western Cape
CUST-01579;Amahle Pretorius;35;Consumer;Western Cape
CUST-01580;Mia Peters;42;Small Business;Limpopo
CUST-01581;Chloe Van Wyk;27;Consumer;Limpopo
CUST-01582;Ayesha Molefe;36;Consumer;Western Cape
CUST-01583;Lerato Mahlangu;24;Small Business;KwaZulu-Natal
CUST-01584;Jason Molefe;50;Consumer;Western Cape
CUST-01585;Lerato Molefe;57;Consumer;Gauteng
CUST-01586;Liam Mabena;46;Consumer;Western Cape
CUST-01587;Lerato Peters;28;Small Business;Limpopo
CUST-01588;Neo Botha;55;Corporate;Gauteng
CUST-01589;Thabo Dlamini;25;Consumer;Limpopo
CUST-01590;Kayla Mthembu;25;Consumer;Western Cape
CUST-01591;Daniel Dlamini;59;Consumer;Limpopo
CUST-01592;Ayesha Sithole;33;Consumer;Gauteng
CUST-01593;Mia Peters;47;Consumer;KwaZulu-Natal
CUST-01594;Neo Mabena;26;Consumer;KwaZulu-Natal
CUST-01595;Lerato Mthethwa;23;Consumer;Free State
CUST-01596;Ethan Naidoo;31;Small Business;KwaZulu-Natal
CUST-01597;Liam Williams;27;Consumer;Western Cape
CUST-01598;Ethan Pillay;28;Corporate;Free State
CUST-01599;Aiden Ndlovu;32;Small Business;KwaZulu-Natal
CUST-01600;Aiden Naidoo;18;Consumer;Gauteng
CUST-01601;Mia Sithole;28;Consumer;Western Cape
CUST-01602;Ethan Peters;39;Consumer;Gauteng
CUST-01603;Zanele Molefe;62;Corporate;Western Cape
CUST-01604;Ethan Peters;23;Corporate;Western Cape
CUST-01605;Naledi Pretorius;34;Corporate;Gauteng
CUST-01606;Kayla Ndlovu;35;Consumer;KwaZulu-Natal
CUST-01607;Amahle Nkosi;37;Consumer;Western Cape
CUST-01608;Kayla Botha;29;Consumer;Gauteng
CUST-01609;Naledi Mthembu;45;Consumer;Limpopo
CUST-01610;Liam Maseko;27;Consumer;Western Cape
CUST-01611;Jason Dlamini;59;Corporate;KwaZulu-Natal
CUST-01612;Zanele Mahlangu;35;Corporate;KwaZulu-Natal
CUST-01613;Lerato Dlamini;29;Small Business;KwaZulu-Natal
CUST-01614;Lerato Ndlovu;40;Small Business;KwaZulu-Natal
CUST-01615;Aiden Peters;59;Consumer;Gauteng
CUST-01616;Ethan Naidoo;38;Small Business;Limpopo
CUST-01617;Mia Jacobs;38;Consumer;Limpopo
CUST-01618;Lerato Dlamini;39;Consumer;Gauteng
CUST-01619;Daniel Mthethwa;49;Small Business;Western Cape
CUST-01620;Daniel Jacobs;33;Small Business;Western Cape
CUST-01621;Kayla Mthethwa;38;Small Business;Western Cape
CUST-01622;Kayla Naidoo;19;Small Business;Free State
CUST-01623;Sipho Maseko;46;Consumer;Western Cape
CUST-01624;Mia Van Wyk;30;Small Business;Gauteng
CUST-01625;Kagiso Naidoo;31;Small Business;Gauteng
CUST-01626;Daniel Sithole;37;Consumer;Gauteng
CUST-01627;Liam Ndlovu;31;Consumer;Gauteng
CUST-01628;Sipho Williams;33;Consumer;Western Cape
CUST-01629;Liam Ndlovu;37;Consumer;Limpopo
CUST-01630;Aiden Naidoo;24;Consumer;Free State
CUST-01631;Sipho Van Wyk;19;Small Business;Western Cape
CUST-01632;Ayesha Khumalo;19;Corporate;Western Cape
CUST-01633;Zanele Maseko;32;Consumer;KwaZulu-Natal
CUST-01634;Thabo Nkosi;29;Consumer;Gauteng
CUST-01635;Nandi Pillay;32;Consumer;Gauteng
CUST-01636;Thabo Nkosi;37;Consumer;Western Cape
CUST-01637;Mpho Botha;40;Small Business;Gauteng
CUST-01638;Nandi Mthembu;37;Small Business;Limpopo
CUST-01639;Thabo Mokoena;32;Consumer;Free State
CUST-01640;Chloe Molefe;24;Consumer;Gauteng
CUST-01641;Naledi Maseko;25;Consumer;KwaZulu-Natal
CUST-01642;Liam Sithole;49;Small Business;Gauteng
CUST-01643;Aiden Sithole;20;Small Business;Western Cape
CUST-01644;Lerato Naidoo;37;Consumer;Gauteng
CUST-01645;Mia Maseko;29;Consumer;Western Cape
CUST-01646;Neo Naidoo;46;Consumer;KwaZulu-Natal
CUST-01647;Mia Van Wyk;31;Consumer;Limpopo
CUST-01648;Jason Molefe;52;Small Business;KwaZulu-Natal
CUST-01649;Kagiso Mokoena;31;Consumer;Free State
CUST-01650;Thabo Jacobs;52;Consumer;Limpopo
CUST-01651;Amahle Van Wyk;35;Consumer;Limpopo
CUST-01652;Lerato Ndlovu;51;Small Business;Western Cape
CUST-01653;Naledi Ndlovu;30;Consumer;Gauteng
CUST-01654;Lerato Pretorius;40;Small Business;Western Cape
CUST-01655;Zanele Williams;35;Consumer;Free State
CUST-01656;Ayesha Maseko;34;Consumer;Gauteng
CUST-01657;Mpho Pillay;35;Small Business;Gauteng
CUST-01658;Amahle Mokoena;32;Consumer;Gauteng
CUST-01659;Kagiso Mabena;45;Consumer;Gauteng
CUST-01660;Sipho Mthembu;31;Small Business;Gauteng
CUST-01661;Ethan Naidoo;34;Consumer;Western Cape
CUST-01662;Mia Molefe;35;Consumer;Gauteng
CUST-01663;Jason Botha;39;Consumer;KwaZulu-Natal
CUST-01664;Mia Maseko;31;Consumer;Limpopo
CUST-01665;Lerato Ndlovu;45;Consumer;Gauteng
CUST-01666;Liam Mahlangu;32;Consumer;Gauteng
CUST-01667;Sipho Dlamini;46;Consumer;Gauteng
CUST-01668;Thabo Mthembu;18;Small Business;Western Cape
CUST-01669;Naledi Mthembu;40;Consumer;Gauteng
CUST-01670;Sipho Mthethwa;42;Consumer;Gauteng
CUST-01671;Ayesha Dlamini;25;Corporate;Western Cape
CUST-01672;Thabo Mabena;31;Consumer;Gauteng
CUST-01673;Ethan Mabena;28;Small Business;Gauteng
CUST-01674;Liam Pillay;42;Consumer;KwaZulu-Natal
CUST-01675;Mia Van Wyk;60;Small Business;Limpopo
CUST-01676;Sipho Sithole;43;Consumer;KwaZulu-Natal
CUST-01677;Sipho Jacobs;59;Consumer;Gauteng
CUST-01678;Mpho Maseko;41;Consumer;Gauteng
CUST-01679;Leah Botha;23;Consumer;Western Cape
CUST-01680;Thabo Molefe;40;Small Business;Gauteng
CUST-01681;Amahle Maseko;43;Consumer;Gauteng
CUST-01682;Lerato Khumalo;36;Small Business;Gauteng
CUST-01683;Kagiso Mthethwa;40;Consumer;Gauteng
CUST-01684;Neo Maseko;37;Consumer;Western Cape
CUST-01685;Jason Pillay;34;Corporate;Western Cape
CUST-01686;Ayesha Peters;50;Consumer;Western Cape
CUST-01687;Thabo Maseko;49;Small Business;KwaZulu-Natal
CUST-01688;Kagiso Nkosi;59;Small Business;KwaZulu-Natal
CUST-01689;Neo Dlamini;35;Consumer;Western Cape
CUST-01690;Kayla Jacobs;33;Corporate;Gauteng
CUST-01691;Leah Jacobs;27;Consumer;Free State
CUST-01692;Jason Van Wyk;24;Corporate;Limpopo
CUST-01693;Sipho Williams;22;Consumer;Gauteng
CUST-01694;Ayesha Botha;39;Small Business;Western Cape
CUST-01695;Ethan Mabena;48;Consumer;Western Cape
CUST-01696;Sipho Mabena;42;Small Business;KwaZulu-Natal
CUST-01697;Liam Peters;18;Consumer;KwaZulu-Natal
CUST-01698;Lerato Dlamini;40;Consumer;Limpopo
CUST-01699;Sipho Mabena;34;Consumer;KwaZulu-Natal
CUST-01700;Kayla Dlamini;43;Small Business;Gauteng
CUST-01701;Jason Nkosi;43;Consumer;Gauteng
CUST-01702;Liam Pretorius;18;Small Business;Limpopo
CUST-01703;Sipho Mthethwa;53;Consumer;Gauteng
CUST-01704;Ayesha Ndlovu;18;Corporate;Western Cape
CUST-01705;Liam Nkosi;57;Consumer;Free State
CUST-01706;Sipho Pillay;33;Consumer;Gauteng
CUST-01707;Aiden Pillay;21;Consumer;Limpopo
CUST-01708;Neo Jacobs;28;Corporate;Limpopo
CUST-01709;Daniel Botha;38;Consumer;Western Cape
CUST-01710;Naledi Ndlovu;38;Consumer;Gauteng
CUST-01711;Ethan Jacobs;39;Consumer;Free State
CUST-01712;Chloe Jacobs;38;Small Business;Gauteng
CUST-01713;Amahle Khumalo;55;Small Business;KwaZulu-Natal
CUST-01714;Nandi Botha;58;Small Business;Western Cape
CUST-01715;Sipho Sithole;25;Consumer;KwaZulu-Natal
CUST-01716;Jason Van Wyk;28;Consumer;Western Cape
CUST-01717;Mia Mahlangu;27;Small Business;Western Cape
CUST-01718;Thabo Molefe;31;Consumer;Gauteng
CUST-01719;Nandi Naidoo;51;Consumer;Western Cape
CUST-01720;Leah Mthembu;33;Consumer;Gauteng
CUST-01721;Amahle Williams;40;Consumer;KwaZulu-Natal
CUST-01722;Ayesha Van Wyk;39;Consumer;Western Cape
CUST-01723;Jason Van Wyk;54;Small Business;Gauteng
CUST-01724;Nandi Molefe;49;Small Business;KwaZulu-Natal
CUST-01725;Kagiso Mahlangu;29;Consumer;Free State
CUST-01726;Naledi Mahlangu;31;Consumer;Western Cape
CUST-01727;Sipho Pretorius;40;Consumer;KwaZulu-Natal
CUST-01728;Sipho Mahlangu;42;Small Business;Gauteng
CUST-01729;Nandi Molefe;39;Small Business;Free State
CUST-01730;Daniel Naidoo;68;Corporate;Gauteng
CUST-01731;Leah Mabena;56;Consumer;Free State
CUST-01732;Jason Pretorius;46;Consumer;Western Cape
CUST-01733;Chloe Peters;28;Consumer;Free State
CUST-01734;Neo Khumalo;43;Consumer;Gauteng
CUST-01735;Liam Pillay;53;Consumer;Gauteng
CUST-01736;Chloe Mahlangu;44;Corporate;Gauteng
CUST-01737;Chloe Molefe;24;Consumer;KwaZulu-Natal
CUST-01738;Thabo Jacobs;59;Consumer;Gauteng
CUST-01739;Ayesha Naidoo;30;Small Business;Gauteng
CUST-01740;Aiden Pretorius;42;Consumer;Gauteng
CUST-01741;Sipho Naidoo;31;Consumer;Gauteng
CUST-01742;Lerato Khumalo;40;Corporate;Limpopo
CUST-01743;Amahle Mabena;38;Consumer;KwaZulu-Natal
CUST-01744;Mpho Mahlangu;27;Consumer;Gauteng
CUST-01745;Liam Peters;18;Consumer;Gauteng
CUST-01746;Zanele Naidoo;29;Consumer;Gauteng
CUST-01747;Naledi Williams;39;Small Business;Gauteng
CUST-01748;Lerato Khumalo;28;Consumer;Gauteng
CUST-01749;Mia Molefe;40;Consumer;Gauteng
CUST-01750;Leah Mabena;27;Consumer;Western Cape
CUST-01751;Neo Ndlovu;46;Consumer;KwaZulu-Natal
CUST-01752;Ayesha Williams;24;Consumer;Gauteng
CUST-01753;Jason Ndlovu;46;Consumer;Western Cape
CUST-01754;Jason Pretorius;34;Consumer;Gauteng
CUST-01755;Aiden Dlamini;46;Small Business;Western Cape
CUST-01756;Ayesha Nkosi;45;Consumer;Western Cape
CUST-01757;Lerato Khumalo;31;Consumer;Western Cape
CUST-01758;Sipho Botha;36;Consumer;Free State
CUST-01759;Nandi Ndlovu;44;Consumer;Gauteng
CUST-01760;Amahle Mthethwa;18;Small Business;Western Cape
CUST-01761;Lerato Molefe;45;Small Business;Western Cape
CUST-01762;Kayla Pillay;35;Consumer;KwaZulu-Natal
CUST-01763;Lerato Mahlangu;41;Consumer;Free State
CUST-01764;Lerato Naidoo;26;Consumer;Western Cape
CUST-01765;Naledi Jacobs;40;Small Business;Gauteng
CUST-01766;Mia Mabena;32;Consumer;Gauteng
CUST-01767;Lerato Mahlangu;30;Consumer;KwaZulu-Natal
CUST-01768;Amahle Van Wyk;40;Corporate;Limpopo
CUST-01769;Kayla Molefe;44;Small Business;Western Cape
CUST-01770;Kagiso Molefe;19;Small Business;Western Cape
CUST-01771;Neo Jacobs;35;Consumer;Gauteng
CUST-01772;Zanele Sithole;51;Consumer;Free State
CUST-01773;Mia Pretorius;42;Consumer;KwaZulu-Natal
CUST-01774;Daniel Dlamini;43;Consumer;KwaZulu-Natal
CUST-01775;Amahle Naidoo;45;Small Business;Western Cape
CUST-01776;Thabo Maseko;34;Consumer;Gauteng
CUST-01777;Nandi Dlamini;30;Small Business;Limpopo
CUST-01778;Leah Peters;26;Consumer;Free State
CUST-01779;Neo Jacobs;39;Consumer;Limpopo
CUST-01780;Nandi Peters;18;Corporate;Western Cape
CUST-01781;Kagiso Mthethwa;46;Consumer;Limpopo
CUST-01782;Liam Ndlovu;60;Consumer;KwaZulu-Natal
CUST-01783;Amahle Khumalo;32;Consumer;Western Cape
CUST-01784;Ayesha Dlamini;33;Consumer;KwaZulu-Natal
CUST-01785;Naledi Mabena;46;Small Business;Gauteng
CUST-01786;Kagiso Pretorius;44;Consumer;Western Cape
CUST-01787;Aiden Nkosi;22;Consumer;Free State
CUST-01788;Chloe Maseko;26;Consumer;Western Cape
CUST-01789;Kayla Mthethwa;31;Small Business;Free State
CUST-01790;Amahle Dlamini;34;Small Business;Gauteng
CUST-01791;Neo Maseko;45;Small Business;Gauteng
CUST-01792;Kagiso Khumalo;36;Consumer;Free State
CUST-01793;Kayla Mahlangu;33;Small Business;Gauteng
CUST-01794;Sipho Dlamini;47;Consumer;Gauteng
CUST-01795;Mpho Botha;51;Small Business;Gauteng
CUST-01796;Chloe Khumalo;18;Consumer;KwaZulu-Natal
CUST-01797;Daniel Naidoo;29;Small Business;Gauteng
CUST-01798;Kagiso Maseko;41;Consumer;KwaZulu-Natal
CUST-01799;Kayla Khumalo;29;Consumer;Limpopo
CUST-01800;Daniel Khumalo;37;Consumer;Gauteng
CUST-01801;Mpho Pretorius;38;Small Business;Western Cape
CUST-01802;Thabo Pretorius;45;Consumer;Western Cape
CUST-01803;Neo Mthembu;39;Consumer;Gauteng
CUST-01804;Jason Mthembu;28;Consumer;Western Cape
CUST-01805;Thabo Jacobs;39;Consumer;KwaZulu-Natal
CUST-01806;Jason Mthethwa;52;Consumer;Western Cape
CUST-01807;Nandi Peters;47;Consumer;Limpopo
CUST-01808;Ayesha Khumalo;20;Corporate;KwaZulu-Natal
CUST-01809;Thabo Molefe;18;Consumer;Western Cape
CUST-01810;Jason Williams;22;Consumer;Western Cape
CUST-01811;Jason Van Wyk;22;Consumer;Western Cape
CUST-01812;Neo Nkosi;47;Consumer;Western Cape
CUST-01813;Amahle Williams;34;Consumer;Free State
CUST-01814;Mpho Naidoo;29;Consumer;KwaZulu-Natal
CUST-01815;Zanele Dlamini;43;Small Business;Gauteng
CUST-01816;Thabo Jacobs;37;Consumer;Limpopo
CUST-01817;Kagiso Mahlangu;40;Consumer;Western Cape
CUST-01818;Liam Mthembu;29;Consumer;Western Cape
CUST-01819;Chloe Jacobs;21;Consumer;KwaZulu-Natal
CUST-01820;Lerato Van Wyk;53;Consumer;KwaZulu-Natal
CUST-01821;Ayesha Nkosi;21;Small Business;Limpopo
CUST-01822;Chloe Williams;41;Small Business;KwaZulu-Natal
CUST-01823;Lerato Mthethwa;34;Consumer;KwaZulu-Natal
CUST-01824;Thabo Khumalo;23;Consumer;Gauteng
CUST-01825;Kagiso Mokoena;38;Consumer;Limpopo
CUST-01826;Neo Peters;27;Consumer;Western Cape
CUST-01827;Aiden Pillay;29;Small Business;Gauteng
CUST-01828;Chloe Mabena;35;Consumer;Limpopo
CUST-01829;Zanele Van Wyk;36;Consumer;Gauteng
CUST-01830;Chloe Nkosi;39;Consumer;Gauteng
CUST-01831;Zanele Pillay;23;Small Business;Gauteng
CUST-01832;Sipho Naidoo;18;Small Business;KwaZulu-Natal
CUST-01833;Kagiso Pretorius;36;Small Business;KwaZulu-Natal
CUST-01834;Mia Mthembu;37;Consumer;KwaZulu-Natal
CUST-01835;Mpho Mthembu;41;Consumer;Western Cape
CUST-01836;Mpho Mthembu;22;Consumer;Gauteng
CUST-01837;Kagiso Peters;39;Consumer;Gauteng
CUST-01838;Kayla Mabena;41;Consumer;Limpopo
CUST-01839;Zanele Dlamini;41;Consumer;Free State
CUST-01840;Ayesha Molefe;24;Consumer;KwaZulu-Natal
CUST-01841;Nandi Maseko;40;Consumer;Limpopo
CUST-01842;Mpho Ndlovu;32;Consumer;Limpopo
CUST-01843;Jason Mthembu;38;Consumer;Western Cape
CUST-01844;Thabo Williams;45;Corporate;Gauteng
CUST-01845;Kayla Dlamini;48;Consumer;KwaZulu-Natal
CUST-01846;Kagiso Naidoo;41;Consumer;Free State
CUST-01847;Naledi Mahlangu;42;Small Business;KwaZulu-Natal
CUST-01848;Ayesha Mokoena;32;Small Business;Western Cape
CUST-01849;Daniel Sithole;42;Consumer;Gauteng
CUST-01850;Jason Mahlangu;50;Corporate;Gauteng
CUST-01851;Amahle Mokoena;36;Consumer;Gauteng
CUST-01852;Mia Mokoena;49;Small Business;Gauteng
CUST-01853;Zanele Mokoena;31;Small Business;Gauteng
CUST-01854;Ayesha Molefe;27;Small Business;Limpopo
CUST-01855;Mpho Van Wyk;50;Small Business;KwaZulu-Natal
CUST-01856;Zanele Botha;52;Small Business;Limpopo
CUST-01857;Aiden Mthethwa;28;Consumer;Gauteng
CUST-01858;Amahle Sithole;54;Consumer;Gauteng
CUST-01859;Ethan Mokoena;53;Consumer;Western Cape
CUST-01860;Leah Maseko;50;Small Business;Free State
CUST-01861;Naledi Van Wyk;29;Consumer;KwaZulu-Natal
CUST-01862;Liam Mthethwa;34;Consumer;KwaZulu-Natal
CUST-01863;Ayesha Mokoena;37;Consumer;Limpopo
CUST-01864;Amahle Sithole;30;Consumer;Gauteng
CUST-01865;Sipho Jacobs;27;Consumer;Western Cape
CUST-01866;Daniel Mahlangu;35;Consumer;Western Cape
CUST-01867;Chloe Williams;53;Consumer;Limpopo
CUST-01868;Leah Jacobs;43;Consumer;Gauteng
CUST-01869;Thabo Pillay;46;Consumer;Gauteng
CUST-01870;Jason Van Wyk;38;Consumer;KwaZulu-Natal
CUST-01871;Nandi Naidoo;35;Consumer;Gauteng
CUST-01872;Neo Jacobs;50;Corporate;Western Cape
CUST-01873;Kagiso Mahlangu;37;Consumer;Gauteng
CUST-01874;Neo Maseko;34;Small Business;Gauteng
CUST-01875;Kayla Mokoena;51;Consumer;Gauteng
CUST-01876;Kayla Nkosi;21;Consumer;Western Cape
CUST-01877;Chloe Peters;39;Consumer;Gauteng
CUST-01878;Nandi Molefe;50;Consumer;Gauteng
CUST-01879;Leah Mabena;37;Consumer;Limpopo
CUST-01880;Lerato Maseko;36;Corporate;Western Cape
CUST-01881;Sipho Dlamini;42;Consumer;Western Cape
CUST-01882;Ethan Naidoo;44;Consumer;Western Cape
CUST-01883;Leah Nkosi;42;Consumer;Gauteng
CUST-01884;Aiden Mthembu;29;Consumer;Western Cape
CUST-01885;Kagiso Mthethwa;48;Consumer;Gauteng
CUST-01886;Nandi Mabena;45;Consumer;KwaZulu-Natal
CUST-01887;Amahle Sithole;36;Consumer;Gauteng
CUST-01888;Thabo Mahlangu;32;Consumer;Western Cape
CUST-01889;Ethan Mahlangu;40;Consumer;Gauteng
CUST-01890;Liam Molefe;44;Consumer;Gauteng
CUST-01891;Ethan Peters;30;Consumer;KwaZulu-Natal
CUST-01892;Aiden Maseko;50;Consumer;Gauteng
CUST-01893;Zanele Mthethwa;25;Consumer;KwaZulu-Natal
CUST-01894;Thabo Mthembu;34;Consumer;Western Cape
CUST-01895;Lerato Nkosi;45;Small Business;Gauteng
CUST-01896;Jason Van Wyk;54;Corporate;Limpopo
CUST-01897;Aiden Ndlovu;34;Consumer;Gauteng
CUST-01898;Ethan Mahlangu;33;Consumer;Gauteng
CUST-01899;Mia Mthethwa;50;Small Business;Gauteng
CUST-01900;Chloe Dlamini;35;Corporate;Western Cape
CUST-01901;Jason Botha;31;Consumer;Western Cape
CUST-01902;Mpho Naidoo;48;Consumer;Gauteng
CUST-01903;Aiden Mabena;52;Consumer;Western Cape
CUST-01904;Mia Pretorius;29;Consumer;KwaZulu-Natal
CUST-01905;Ethan Ndlovu;56;Small Business;Gauteng
CUST-01906;Chloe Mahlangu;32;Consumer;Gauteng
CUST-01907;Kayla Peters;34;Consumer;KwaZulu-Natal
CUST-01908;Leah Dlamini;31;Consumer;Gauteng
CUST-01909;Nandi Williams;39;Corporate;Western Cape
CUST-01910;Neo Mthethwa;32;Small Business;KwaZulu-Natal
CUST-01911;Kayla Ndlovu;24;Consumer;Free State
CUST-01912;Thabo Mthethwa;31;Consumer;Western Cape
CUST-01913;Amahle Ndlovu;42;Consumer;Limpopo
CUST-01914;Zanele Maseko;44;Small Business;KwaZulu-Natal
CUST-01915;Lerato Mthethwa;42;Consumer;KwaZulu-Natal
CUST-01916;Thabo Peters;41;Small Business;KwaZulu-Natal
CUST-01917;Naledi Pretorius;34;Consumer;Free State
CUST-01918;Jason Mthembu;39;Corporate;Limpopo
CUST-01919;Kagiso Peters;27;Consumer;Western Cape
CUST-01920;Naledi Mthembu;28;Small Business;Gauteng
CUST-01921;Kagiso Dlamini;52;Consumer;Limpopo
CUST-01922;Nandi Botha;34;Consumer;Gauteng
CUST-01923;Zanele Peters;47;Small Business;Gauteng
CUST-01924;Amahle Mthembu;39;Small Business;KwaZulu-Natal
CUST-01925;Mpho Williams;47;Consumer;KwaZulu-Natal
CUST-01926;Ayesha Mokoena;52;Consumer;Free State
CUST-01927;Sipho Khumalo;46;Consumer;Gauteng
CUST-01928;Liam Mabena;19;Small Business;Gauteng
CUST-01929;Kagiso Ndlovu;24;Small Business;Free State
CUST-01930;Jason Naidoo;39;Consumer;Free State
CUST-01931;Nandi Naidoo;29;Consumer;KwaZulu-Natal
CUST-01932;Lerato Botha;31;Consumer;Western Cape
CUST-01933;Aiden Pretorius;21;Consumer;Gauteng
CUST-01934;Mia Mahlangu;32;Small Business;Gauteng
CUST-01935;Daniel Mabena;41;Consumer;Gauteng
CUST-01936;Mpho Botha;37;Consumer;Western Cape
CUST-01937;Sipho Khumalo;44;Consumer;Gauteng
CUST-01938;Amahle Mthethwa;18;Consumer;Gauteng
CUST-01939;Sipho Jacobs;20;Consumer;Gauteng
CUST-01940;Mpho Mthethwa;51;Consumer;Western Cape
CUST-01941;Jason Williams;31;Small Business;Gauteng
CUST-01942;Leah Khumalo;49;Small Business;KwaZulu-Natal
CUST-01943;Leah Maseko;18;Small Business;Gauteng
CUST-01944;Kagiso Van Wyk;29;Consumer;Gauteng
CUST-01945;Aiden Sithole;36;Corporate;Western Cape
CUST-01946;Mpho Molefe;21;Consumer;Limpopo
CUST-01947;Aiden Pillay;34;Consumer;Gauteng
CUST-01948;Kagiso Peters;45;Consumer;Gauteng
CUST-01949;Liam Dlamini;50;Consumer;KwaZulu-Natal
CUST-01950;Nandi Maseko;55;Consumer;Western Cape
CUST-01951;Daniel Sithole;33;Corporate;Gauteng
CUST-01952;Mpho Van Wyk;34;Consumer;Gauteng
CUST-01953;Ayesha Ndlovu;45;Consumer;Western Cape
CUST-01954;Kayla Pretorius;34;Consumer;Western Cape
CUST-01955;Thabo Naidoo;18;Consumer;Western Cape
CUST-01956;Amahle Nkosi;47;Consumer;KwaZulu-Natal
CUST-01957;Zanele Mabena;41;Corporate;Gauteng
CUST-01958;Kagiso Mokoena;26;Consumer;Free State
CUST-01959;Daniel Van Wyk;30;Consumer;Free State
CUST-01960;Nandi Van Wyk;41;Consumer;Western Cape
CUST-01961;Kagiso Sithole;54;Consumer;Gauteng
CUST-01962;Jason Mthethwa;40;Consumer;Limpopo
CUST-01963;Lerato Khumalo;49;Small Business;Gauteng
CUST-01964;Ayesha Naidoo;27;Small Business;Gauteng
CUST-01965;Zanele Sithole;44;Small Business;KwaZulu-Natal
CUST-01966;Amahle Dlamini;45;Small Business;Free State
CUST-01967;Kagiso Mahlangu;43;Consumer;KwaZulu-Natal
CUST-01968;Jason Mahlangu;45;Corporate;Western Cape
CUST-01969;Ethan Khumalo;64;Consumer;Free State
CUST-01970;Neo Mokoena;24;Small Business;Gauteng
CUST-01971;Neo Nkosi;26;Consumer;Free State
CUST-01972;Lerato Khumalo;23;Consumer;Limpopo
CUST-01973;Sipho Jacobs;59;Consumer;Gauteng
CUST-01974;Leah Mokoena;23;Small Business;Gauteng
CUST-01975;Mpho Mthembu;35;Consumer;KwaZulu-Natal
CUST-01976;Jason Maseko;30;Consumer;Western Cape
CUST-01977;Liam Williams;48;Consumer;Limpopo
CUST-01978;Lerato Pillay;50;Consumer;Gauteng
CUST-01979;Mpho Mthembu;43;Small Business;Western Cape
CUST-01980;Kagiso Nkosi;42;Small Business;Western Cape
CUST-01981;Kagiso Khumalo;20;Consumer;Gauteng
CUST-01982;Kagiso Nkosi;35;Consumer;Western Cape
CUST-01983;Mia Williams;39;Consumer;Limpopo
CUST-01984;Chloe Williams;43;Consumer;Gauteng
CUST-01985;Kagiso Pillay;27;Small Business;Western Cape
CUST-01986;Mpho Mthethwa;31;Consumer;KwaZulu-Natal
CUST-01987;Nandi Pillay;29;Small Business;Gauteng
CUST-01988;Ethan Maseko;27;Consumer;Gauteng
CUST-01989;Zanele Mabena;22;Consumer;Gauteng
CUST-01990;Mpho Mthembu;33;Consumer;Western Cape
CUST-01991;Neo Mokoena;18;Consumer;KwaZulu-Natal
CUST-01992;Chloe Mokoena;49;Corporate;Free State
CUST-01993;Neo Van Wyk;39;Corporate;Gauteng
CUST-01994;Jason Botha;37;Consumer;Western Cape
CUST-01995;Leah Dlamini;30;Consumer;KwaZulu-Natal
CUST-01996;Kagiso Pretorius;18;Consumer;Gauteng
CUST-01997;Nandi Nkosi;18;Small Business;KwaZulu-Natal
CUST-01998;Mpho Khumalo;36;Consumer;Gauteng
CUST-01999;Ethan Jacobs;36;Consumer;Gauteng
CUST-02000;Neo Sithole;45;Small Business;Limpopo
CUST-02001;Aiden Pillay;58;Consumer;KwaZulu-Natal
CUST-02002;Kayla Dlamini;29;Consumer;Free State
CUST-02003;Lerato Botha;24;Corporate;Western Cape
CUST-02004;Amahle Peters;36;Consumer;Gauteng
CUST-02005;Ethan Jacobs;40;Consumer;Gauteng
CUST-02006;Ethan Jacobs;45;Consumer;Limpopo
CUST-02007;Nandi Jacobs;18;Corporate;Limpopo
CUST-02008;Chloe Molefe;31;Corporate;Gauteng
CUST-02009;Chloe Williams;37;Small Business;Gauteng
CUST-02010;Aiden Khumalo;42;Corporate;KwaZulu-Natal
CUST-02011;Mpho Peters;46;Small Business;Gauteng
CUST-02012;Lerato Botha;55;Corporate;Limpopo
CUST-02013;Leah Maseko;22;Consumer;KwaZulu-Natal
CUST-02014;Aiden Molefe;33;Consumer;Gauteng
CUST-02015;Thabo Mthembu;26;Consumer;Western Cape
CUST-02016;Kagiso Williams;49;Consumer;Western Cape
CUST-02017;Kagiso Peters;37;Small Business;Free State
CUST-02018;Ethan Mthembu;32;Consumer;Western Cape
CUST-02019;Kayla Ndlovu;41;Small Business;KwaZulu-Natal
CUST-02020;Jason Dlamini;52;Consumer;Gauteng
CUST-02021;Ethan Molefe;34;Small Business;KwaZulu-Natal
CUST-02022;Aiden Jacobs;21;Consumer;KwaZulu-Natal
CUST-02023;Ethan Mabena;18;Consumer;Gauteng
CUST-02024;Lerato Nkosi;18;Consumer;Gauteng
CUST-02025;Mia Pretorius;33;Small Business;Gauteng
CUST-02026;Neo Mokoena;23;Consumer;Free State
CUST-02027;Chloe Pretorius;29;Consumer;Gauteng
CUST-02028;Amahle Ndlovu;47;Consumer;Western Cape
CUST-02029;Lerato Peters;20;Consumer;Limpopo
CUST-02030;Aiden Williams;46;Consumer;KwaZulu-Natal
CUST-02031;Nandi Khumalo;33;Consumer;Free State
CUST-02032;Mia Mthethwa;35;Consumer;Gauteng
CUST-02033;Neo Maseko;18;Small Business;Western Cape
CUST-02034;Daniel Mabena;31;Consumer;Free State
CUST-02035;Naledi Khumalo;31;Small Business;Limpopo
CUST-02036;Zanele Molefe;47;Small Business;KwaZulu-Natal
CUST-02037;Nandi Botha;18;Consumer;Western Cape
CUST-02038;Lerato Mthethwa;18;Consumer;Western Cape
CUST-02039;Jason Khumalo;28;Consumer;Free State
CUST-02040;Jason Mthembu;44;Consumer;Free State
CUST-02041;Daniel Van Wyk;27;Consumer;Gauteng
CUST-02042;Aiden Van Wyk;34;Consumer;Gauteng
CUST-02043;Liam Williams;30;Corporate;KwaZulu-Natal
CUST-02044;Liam Khumalo;59;Consumer;Limpopo
CUST-02045;Thabo Mokoena;38;Small Business;Free State
CUST-02046;Nandi Mthethwa;39;Consumer;Gauteng
CUST-02047;Nandi Botha;19;Consumer;Free State
CUST-02048;Kagiso Peters;40;Consumer;KwaZulu-Natal
CUST-02049;Mpho Van Wyk;50;Consumer;Western Cape
CUST-02050;Aiden Mthethwa;53;Consumer;Gauteng
CUST-02051;Lerato Nkosi;35;Consumer;KwaZulu-Natal
CUST-02052;Naledi Dlamini;49;Consumer;Gauteng
CUST-02053;Ayesha Mthembu;41;Consumer;Limpopo
CUST-02054;Chloe Mthembu;68;Consumer;Gauteng
CUST-02055;Mpho Maseko;18;Consumer;KwaZulu-Natal
CUST-02056;Thabo Mabena;55;Consumer;KwaZulu-Natal
CUST-02057;Zanele Maseko;30;Consumer;Gauteng
CUST-02058;Neo Pretorius;29;Consumer;Gauteng
CUST-02059;Daniel Williams;23;Small Business;Free State
CUST-02060;Ayesha Pillay;29;Consumer;Free State
CUST-02061;Liam Nkosi;18;Small Business;Western Cape
CUST-02062;Leah Ndlovu;31;Small Business;KwaZulu-Natal
CUST-02063;Amahle Naidoo;35;Consumer;Gauteng
CUST-02064;Zanele Van Wyk;43;Consumer;KwaZulu-Natal
CUST-02065;Mia Van Wyk;32;Consumer;Gauteng
CUST-02066;Ayesha Botha;20;Small Business;Western Cape
CUST-02067;Jason Molefe;23;Consumer;Western Cape
CUST-02068;Kagiso Mthembu;37;Consumer;KwaZulu-Natal
CUST-02069;Kayla Molefe;30;Consumer;Gauteng
CUST-02070;Ayesha Naidoo;35;Small Business;Western Cape
CUST-02071;Amahle Pretorius;28;Consumer;KwaZulu-Natal
CUST-02072;Zanele Sithole;48;Consumer;KwaZulu-Natal
CUST-02073;Nandi Mokoena;46;Corporate;Limpopo
CUST-02074;Daniel Williams;25;Consumer;KwaZulu-Natal
CUST-02075;Daniel Dlamini;36;Consumer;Gauteng
CUST-02076;Zanele Nkosi;48;Consumer;Western Cape
CUST-02077;Lerato Nkosi;43;Consumer;KwaZulu-Natal
CUST-02078;Ayesha Van Wyk;31;Consumer;Western Cape
CUST-02079;Leah Mthethwa;42;Small Business;Gauteng
CUST-02080;Neo Botha;32;Consumer;KwaZulu-Natal
CUST-02081;Ethan Mthethwa;46;Small Business;Western Cape
CUST-02082;Daniel Khumalo;24;Consumer;Gauteng
CUST-02083;Daniel Nkosi;31;Consumer;Limpopo
CUST-02084;Nandi Ndlovu;25;Corporate;Gauteng
CUST-02085;Neo Maseko;32;Consumer;Western Cape
CUST-02086;Mpho Nkosi;21;Consumer;Western Cape
CUST-02087;Neo Mokoena;33;Consumer;Limpopo
CUST-02088;Neo Mokoena;31;Consumer;Free State
CUST-02089;Kagiso Naidoo;38;Small Business;Free State
CUST-02090;Kayla Van Wyk;54;Consumer;Free State
CUST-02091;Daniel Dlamini;30;Consumer;KwaZulu-Natal
CUST-02092;Thabo Peters;31;Small Business;KwaZulu-Natal
CUST-02093;Thabo Botha;42;Consumer;Gauteng
CUST-02094;Naledi Maseko;30;Consumer;Gauteng
CUST-02095;Zanele Peters;25;Consumer;Free State
CUST-02096;Kayla Molefe;62;Small Business;KwaZulu-Natal
CUST-02097;Sipho Peters;44;Consumer;Limpopo
CUST-02098;Ethan Sithole;49;Consumer;Western Cape
CUST-02099;Chloe Pretorius;29;Consumer;Western Cape
CUST-02100;Chloe Pillay;40;Consumer;Western Cape
CUST-02101;Neo Mabena;49;Consumer;KwaZulu-Natal
CUST-02102;Neo Jacobs;44;Consumer;Gauteng
CUST-02103;Kayla Pretorius;44;Consumer;Free State
CUST-02104;Daniel Mthembu;26;Corporate;Free State
CUST-02105;Aiden Sithole;25;Consumer;Gauteng
CUST-02106;Thabo Mokoena;35;Consumer;Limpopo
CUST-02107;Chloe Nkosi;26;Small Business;Free State
CUST-02108;Mpho Ndlovu;49;Consumer;KwaZulu-Natal
CUST-02109;Lerato Sithole;26;Small Business;Western Cape
CUST-02110;Lerato Pillay;32;Corporate;Western Cape
CUST-02111;Mpho Van Wyk;27;Consumer;Gauteng
CUST-02112;Nandi Jacobs;46;Consumer;Western Cape
CUST-02113;Ethan Molefe;25;Small Business;Limpopo
CUST-02114;Thabo Mthembu;40;Small Business;Western Cape
CUST-02115;Aiden Mthembu;21;Small Business;Gauteng
CUST-02116;Neo Maseko;28;Small Business;Western Cape
CUST-02117;Mia Khumalo;26;Consumer;Gauteng
CUST-02118;Ayesha Peters;50;Consumer;KwaZulu-Natal
CUST-02119;Jason Jacobs;18;Consumer;Western Cape
CUST-02120;Leah Nkosi;48;Consumer;Western Cape
CUST-02121;Liam Molefe;38;Consumer;Limpopo
CUST-02122;Kayla Jacobs;34;Consumer;KwaZulu-Natal
CUST-02123;Mpho Mokoena;32;Small Business;Gauteng
CUST-02124;Nandi Peters;40;Consumer;Gauteng
CUST-02125;Mpho Sithole;24;Consumer;Gauteng
CUST-02126;Naledi Williams;31;Small Business;Western Cape
CUST-02127;Kagiso Van Wyk;48;Consumer;Gauteng
CUST-02128;Liam Sithole;41;Consumer;Free State
CUST-02129;Jason Mokoena;24;Consumer;Gauteng
CUST-02130;Mia Nkosi;31;Consumer;Free State
CUST-02131;Jason Jacobs;47;Small Business;Free State
CUST-02132;Kayla Nkosi;35;Consumer;Gauteng
CUST-02133;Lerato Khumalo;46;Consumer;Gauteng
CUST-02134;Kayla Botha;19;Consumer;Gauteng
CUST-02135;Liam Molefe;24;Consumer;Western Cape
CUST-02136;Mia Khumalo;56;Consumer;Gauteng
CUST-02137;Lerato Nkosi;22;Small Business;Western Cape
CUST-02138;Thabo Sithole;33;Consumer;Western Cape
CUST-02139;Leah Mahlangu;18;Small Business;Gauteng
CUST-02140;Sipho Molefe;47;Consumer;Gauteng
CUST-02141;Leah Williams;32;Small Business;Gauteng
CUST-02142;Mpho Pretorius;49;Consumer;Free State
CUST-02143;Chloe Mthethwa;19;Consumer;KwaZulu-Natal
CUST-02144;Mpho Mabena;34;Consumer;Gauteng
CUST-02145;Kayla Williams;44;Consumer;Gauteng
CUST-02146;Zanele Botha;52;Small Business;Western Cape
CUST-02147;Nandi Mabena;41;Consumer;Gauteng
CUST-02148;Naledi Mabena;35;Corporate;Gauteng
CUST-02149;Ayesha Peters;40;Consumer;KwaZulu-Natal
CUST-02150;Liam Van Wyk;46;Consumer;KwaZulu-Natal
CUST-02151;Kagiso Naidoo;42;Small Business;Western Cape
CUST-02152;Ethan Van Wyk;52;Consumer;Gauteng
CUST-02153;Mpho Mthethwa;64;Small Business;KwaZulu-Natal
CUST-02154;Chloe Khumalo;52;Consumer;KwaZulu-Natal
CUST-02155;Nandi Mabena;32;Consumer;Limpopo
CUST-02156;Liam Sithole;43;Consumer;Gauteng
CUST-02157;Jason Nkosi;51;Small Business;Free State
CUST-02158;Thabo Nkosi;42;Consumer;Limpopo
CUST-02159;Amahle Williams;26;Consumer;Western Cape
CUST-02160;Mpho Pretorius;37;Consumer;KwaZulu-Natal
CUST-02161;Ethan Sithole;42;Small Business;Western Cape
CUST-02162;Sipho Williams;56;Consumer;Limpopo
CUST-02163;Ethan Pretorius;33;Small Business;Gauteng
CUST-02164;Neo Peters;31;Consumer;Limpopo
CUST-02165;Neo Sithole;51;Consumer;Limpopo
CUST-02166;Jason Mahlangu;34;Consumer;Gauteng
CUST-02167;Aiden Van Wyk;24;Small Business;Gauteng
CUST-02168;Chloe Van Wyk;35;Consumer;Gauteng
CUST-02169;Aiden Botha;30;Consumer;Gauteng
CUST-02170;Leah Pillay;32;Small Business;KwaZulu-Natal
CUST-02171;Daniel Williams;36;Small Business;Western Cape
CUST-02172;Nandi Khumalo;27;Consumer;Gauteng
CUST-02173;Mpho Williams;18;Consumer;Gauteng
CUST-02174;Lerato Van Wyk;53;Consumer;KwaZulu-Natal
CUST-02175;Jason Molefe;48;Consumer;KwaZulu-Natal
CUST-02176;Aiden Sithole;29;Consumer;Gauteng
CUST-02177;Sipho Maseko;42;Consumer;Gauteng
CUST-02178;Kagiso Botha;46;Consumer;Western Cape
CUST-02179;Thabo Pillay;29;Small Business;Free State
CUST-02180;Mia Dlamini;43;Small Business;Western Cape
CUST-02181;Lerato Mokoena;27;Consumer;Western Cape
CUST-02182;Kayla Molefe;32;Small Business;Western Cape
CUST-02183;Kagiso Sithole;38;Consumer;Western Cape
CUST-02184;Leah Jacobs;23;Small Business;Gauteng
CUST-02185;Daniel Peters;50;Consumer;Gauteng
CUST-02186;Daniel Maseko;51;Consumer;Free State
CUST-02187;Liam Peters;46;Consumer;Gauteng
CUST-02188;Kagiso Dlamini;52;Small Business;Gauteng
CUST-02189;Amahle Mthembu;38;Small Business;Limpopo
CUST-02190;Mia Ndlovu;41;Consumer;Gauteng
CUST-02191;Lerato Nkosi;47;Corporate;Western Cape
CUST-02192;Mia Jacobs;43;Consumer;KwaZulu-Natal
CUST-02193;Thabo Sithole;43;Consumer;Gauteng
CUST-02194;Nandi Mokoena;31;Consumer;Western Cape
CUST-02195;Lerato Ndlovu;35;Consumer;Gauteng
CUST-02196;Mpho Mahlangu;38;Small Business;Gauteng
CUST-02197;Lerato Naidoo;38;Small Business;Gauteng
CUST-02198;Kayla Botha;35;Consumer;KwaZulu-Natal
CUST-02199;Chloe Mabena;27;Corporate;Gauteng
CUST-02200;Liam Mthembu;57;Consumer;Western Cape
CUST-02201;Leah Molefe;37;Consumer;Western Cape
CUST-02202;Liam Khumalo;43;Small Business;Free State
CUST-02203;Sipho Peters;60;Consumer;Western Cape
CUST-02204;Sipho Pillay;45;Small Business;Gauteng
CUST-02205;Amahle Nkosi;39;Consumer;Free State
CUST-02206;Nandi Dlamini;18;Consumer;KwaZulu-Natal
CUST-02207;Neo Van Wyk;47;Consumer;Gauteng
CUST-02208;Amahle Ndlovu;47;Consumer;Western Cape
CUST-02209;Mia Khumalo;32;Consumer;Gauteng
CUST-02210;Kagiso Naidoo;47;Consumer;KwaZulu-Natal
CUST-02211;Kayla Pillay;51;Consumer;KwaZulu-Natal
CUST-02212;Aiden Mthethwa;40;Consumer;Free State
CUST-02213;Mia Maseko;36;Small Business;Western Cape
CUST-02214;Aiden Maseko;68;Consumer;KwaZulu-Natal
CUST-02215;Ethan Mahlangu;49;Consumer;KwaZulu-Natal
CUST-02216;Ayesha Williams;37;Small Business;Free State
CUST-02217;Jason Nkosi;40;Consumer;Western Cape
CUST-02218;Chloe Mahlangu;45;Small Business;Western Cape
CUST-02219;Neo Mthembu;26;Consumer;Gauteng
CUST-02220;Thabo Khumalo;48;Small Business;KwaZulu-Natal
CUST-02221;Naledi Khumalo;36;Consumer;Gauteng
CUST-02222;Jason Mabena;39;Consumer;Free State
CUST-02223;Zanele Naidoo;34;Consumer;Gauteng
CUST-02224;Amahle Mthembu;32;Small Business;Gauteng
CUST-02225;Ethan Mthethwa;55;Consumer;Western Cape
CUST-02226;Kagiso Molefe;46;Consumer;Western Cape
CUST-02227;Daniel Jacobs;41;Consumer;Gauteng
CUST-02228;Chloe Maseko;45;Consumer;Gauteng
CUST-02229;Daniel Dlamini;29;Consumer;KwaZulu-Natal
CUST-02230;Zanele Pretorius;37;Consumer;Western Cape
CUST-02231;Mia Ndlovu;18;Consumer;Gauteng
CUST-02232;Amahle Mthembu;38;Consumer;Gauteng
CUST-02233;Mpho Pretorius;29;Corporate;KwaZulu-Natal
CUST-02234;Kayla Pillay;29;Corporate;Western Cape
CUST-02235;Mia Pretorius;24;Consumer;Gauteng
CUST-02236;Thabo Sithole;35;Consumer;Western Cape
CUST-02237;Lerato Williams;29;Consumer;Gauteng
CUST-02238;Ethan Jacobs;44;Consumer;KwaZulu-Natal
CUST-02239;Kayla Pillay;21;Consumer;Limpopo
CUST-02240;Sipho Jacobs;48;Consumer;Western Cape
CUST-02241;Liam Jacobs;50;Consumer;KwaZulu-Natal
CUST-02242;Sipho Van Wyk;43;Small Business;Free State
CUST-02243;Nandi Pillay;46;Corporate;Western Cape
CUST-02244;Mia Molefe;29;Corporate;KwaZulu-Natal
CUST-02245;Daniel Naidoo;49;Consumer;Free State
CUST-02246;Neo Mthembu;32;Consumer;Western Cape
CUST-02247;Aiden Botha;18;Consumer;Gauteng
CUST-02248;Nandi Williams;24;Consumer;Free State
CUST-02249;Mpho Molefe;46;Consumer;Western Cape
CUST-02250;Leah Pretorius;28;Consumer;Free State
CUST-02251;Neo Mokoena;53;Consumer;KwaZulu-Natal
CUST-02252;Mia Maseko;42;Small Business;Gauteng
CUST-02253;Kagiso Pretorius;33;Consumer;Gauteng
CUST-02254;Lerato Mthembu;32;Consumer;Gauteng
CUST-02255;Aiden Nkosi;28;Corporate;Western Cape
CUST-02256;Neo Maseko;44;Small Business;KwaZulu-Natal
CUST-02257;Nandi Dlamini;34;Consumer;Western Cape
CUST-02258;Lerato Mthethwa;30;Consumer;Western Cape
CUST-02259;Kayla Sithole;32;Consumer;KwaZulu-Natal
CUST-02260;Sipho Sithole;31;Consumer;Western Cape
CUST-02261;Chloe Dlamini;23;Consumer;Free State
CUST-02262;Mpho Maseko;39;Consumer;Western Cape
CUST-02263;Chloe Molefe;41;Consumer;Western Cape
CUST-02264;Neo Naidoo;28;Corporate;Western Cape
CUST-02265;Neo Maseko;47;Consumer;Gauteng
CUST-02266;Ayesha Mthethwa;27;Consumer;Western Cape
CUST-02267;Liam Williams;26;Small Business;Gauteng
CUST-02268;Kayla Mokoena;35;Small Business;KwaZulu-Natal
CUST-02269;Naledi Van Wyk;22;Corporate;Free State
CUST-02270;Leah Maseko;43;Small Business;KwaZulu-Natal
CUST-02271;Nandi Nkosi;48;Consumer;Western Cape
CUST-02272;Chloe Ndlovu;53;Consumer;KwaZulu-Natal
CUST-02273;Sipho Van Wyk;58;Consumer;KwaZulu-Natal
CUST-02274;Naledi Jacobs;38;Consumer;Western Cape
CUST-02275;Ayesha Mahlangu;44;Consumer;Gauteng
CUST-02276;Neo Khumalo;47;Consumer;Gauteng
CUST-02277;Daniel Mthembu;39;Small Business;KwaZulu-Natal
CUST-02278;Mpho Mabena;28;Consumer;Western Cape
CUST-02279;Leah Maseko;53;Consumer;KwaZulu-Natal
CUST-02280;Jason Khumalo;46;Consumer;Free State
CUST-02281;Nandi Pillay;44;Consumer;Limpopo
CUST-02282;Leah Khumalo;23;Consumer;Limpopo
CUST-02283;Ethan Ndlovu;26;Consumer;Limpopo
CUST-02284;Thabo Botha;56;Consumer;Gauteng
CUST-02285;Lerato Botha;27;Consumer;Free State
CUST-02286;Kayla Pillay;34;Corporate;Gauteng
CUST-02287;Leah Maseko;30;Consumer;Western Cape
CUST-02288;Zanele Mokoena;29;Consumer;Gauteng
CUST-02289;Neo Khumalo;38;Consumer;Western Cape
CUST-02290;Kayla Nkosi;37;Consumer;Gauteng
CUST-02291;Kagiso Williams;28;Consumer;Gauteng
CUST-02292;Sipho Sithole;33;Consumer;Gauteng
CUST-02293;Kagiso Molefe;58;Small Business;Limpopo
CUST-02294;Leah Sithole;38;Consumer;KwaZulu-Natal
CUST-02295;Zanele Pretorius;44;Consumer;Limpopo
CUST-02296;Kayla Nkosi;31;Corporate;Free State
CUST-02297;Neo Mthethwa;57;Consumer;KwaZulu-Natal
CUST-02298;Mpho Peters;28;Consumer;Western Cape
CUST-02299;Naledi Mahlangu;26;Consumer;Limpopo
CUST-02300;Naledi Mthethwa;49;Small Business;Gauteng
CUST-02301;Kayla Mthembu;33;Consumer;Gauteng
CUST-02302;Mpho Mokoena;36;Small Business;Free State
CUST-02303;Kayla Naidoo;29;Consumer;Western Cape
CUST-02304;Chloe Peters;24;Consumer;Gauteng
CUST-02305;Mpho Mokoena;43;Consumer;Western Cape
CUST-02306;Mpho Maseko;18;Consumer;Gauteng
CUST-02307;Kagiso Peters;39;Consumer;Western Cape
CUST-02308;Kayla Pretorius;57;Consumer;Western Cape
CUST-02309;Naledi Mthembu;40;Small Business;Western Cape
CUST-02310;Liam Pillay;41;Small Business;Western Cape
CUST-02311;Kayla Mokoena;37;Small Business;Western Cape
CUST-02312;Nandi Sithole;18;Consumer;Western Cape
CUST-02313;Daniel Naidoo;28;Consumer;KwaZulu-Natal
CUST-02314;Jason Dlamini;23;Consumer;Gauteng
CUST-02315;Mia Mahlangu;49;Consumer;Gauteng
CUST-02316;Zanele Mahlangu;29;Consumer;Gauteng
CUST-02317;Kayla Molefe;20;Consumer;Free State
CUST-02318;Mia Naidoo;38;Small Business;Gauteng
CUST-02319;Kagiso Mokoena;23;Consumer;Limpopo
CUST-02320;Mpho Dlamini;33;Small Business;Limpopo
CUST-02321;Zanele Maseko;18;Small Business;Gauteng
CUST-02322;Mia Mahlangu;19;Corporate;Western Cape
CUST-02323;Ethan Peters;39;Consumer;Gauteng
CUST-02324;Neo Pillay;18;Consumer;Western Cape
CUST-02325;Naledi Van Wyk;41;Small Business;Gauteng
CUST-02326;Leah Maseko;34;Consumer;KwaZulu-Natal
CUST-02327;Neo Dlamini;32;Consumer;Limpopo
CUST-02328;Jason Nkosi;31;Consumer;Gauteng
CUST-02329;Neo Mthembu;48;Consumer;Free State
CUST-02330;Naledi Naidoo;38;Small Business;Limpopo
CUST-02331;Aiden Pretorius;25;Consumer;Limpopo
CUST-02332;Liam Mabena;45;Corporate;Gauteng
CUST-02333;Ayesha Khumalo;29;Consumer;Gauteng
CUST-02334;Kayla Jacobs;35;Consumer;Western Cape
CUST-02335;Ethan Ndlovu;37;Consumer;KwaZulu-Natal
CUST-02336;Zanele Ndlovu;41;Small Business;Western Cape
CUST-02337;Jason Pillay;35;Consumer;Gauteng
CUST-02338;Mia Peters;40;Consumer;Western Cape
CUST-02339;Lerato Mahlangu;33;Consumer;KwaZulu-Natal
CUST-02340;Amahle Jacobs;40;Consumer;KwaZulu-Natal
CUST-02341;Neo Naidoo;21;Small Business;KwaZulu-Natal
CUST-02342;Daniel Mthembu;37;Consumer;Gauteng
CUST-02343;Zanele Mabena;43;Consumer;KwaZulu-Natal
CUST-02344;Thabo Molefe;52;Consumer;KwaZulu-Natal
CUST-02345;Neo Peters;54;Small Business;Gauteng
CUST-02346;Ethan Khumalo;18;Consumer;Gauteng
CUST-02347;Thabo Williams;18;Consumer;Gauteng
CUST-02348;Nandi Mthembu;22;Small Business;Limpopo
CUST-02349;Mia Pillay;18;Consumer;Western Cape
CUST-02350;Zanele Naidoo;48;Consumer;Gauteng
CUST-02351;Amahle Mokoena;28;Consumer;Free State
CUST-02352;Naledi Mokoena;38;Consumer;Western Cape
CUST-02353;Zanele Pillay;43;Consumer;Limpopo
CUST-02354;Mpho Mahlangu;22;Consumer;Limpopo
CUST-02355;Chloe Khumalo;35;Corporate;KwaZulu-Natal
CUST-02356;Naledi Mabena;41;Consumer;KwaZulu-Natal
CUST-02357;Ayesha Botha;24;Consumer;KwaZulu-Natal
CUST-02358;Neo Naidoo;28;Consumer;KwaZulu-Natal
CUST-02359;Leah Ndlovu;44;Consumer;Western Cape
CUST-02360;Chloe Maseko;43;Corporate;Gauteng
CUST-02361;Liam Dlamini;28;Consumer;KwaZulu-Natal
CUST-02362;Liam Mokoena;32;Consumer;Western Cape
CUST-02363;Leah Dlamini;60;Consumer;Limpopo
CUST-02364;Nandi Naidoo;50;Consumer;Western Cape
CUST-02365;Kagiso Molefe;34;Consumer;Western Cape
CUST-02366;Kayla Mthembu;31;Consumer;Western Cape
CUST-02367;Kayla Jacobs;18;Consumer;Gauteng
CUST-02368;Daniel Molefe;36;Consumer;Gauteng
CUST-02369;Zanele Pretorius;30;Consumer;Free State
CUST-02370;Aiden Jacobs;30;Small Business;Gauteng
CUST-02371;Ethan Van Wyk;35;Consumer;Free State
CUST-02372;Neo Ndlovu;27;Consumer;Gauteng
CUST-02373;Lerato Botha;23;Consumer;KwaZulu-Natal
CUST-02374;Amahle Williams;33;Consumer;Gauteng
CUST-02375;Daniel Sithole;38;Consumer;KwaZulu-Natal
CUST-02376;Kayla Maseko;59;Consumer;Western Cape
CUST-02377;Zanele Dlamini;40;Consumer;Gauteng
CUST-02378;Kayla Mthembu;24;Consumer;Western Cape
CUST-02379;Neo Naidoo;33;Consumer;Western Cape
CUST-02380;Jason Van Wyk;23;Small Business;Gauteng
CUST-02381;Liam Dlamini;18;Consumer;Western Cape
CUST-02382;Ayesha Jacobs;32;Consumer;Gauteng
CUST-02383;Aiden Williams;33;Small Business;KwaZulu-Natal
CUST-02384;Jason Van Wyk;29;Small Business;KwaZulu-Natal
CUST-02385;Sipho Jacobs;48;Consumer;Western Cape
CUST-02386;Thabo Sithole;36;Consumer;Limpopo
CUST-02387;Mia Naidoo;43;Small Business;KwaZulu-Natal
CUST-02388;Chloe Pretorius;53;Consumer;Western Cape
CUST-02389;Aiden Peters;24;Consumer;Gauteng
CUST-02390;Aiden Mthembu;41;Small Business;Gauteng
CUST-02391;Leah Sithole;45;Consumer;KwaZulu-Natal
CUST-02392;Jason Mthethwa;20;Consumer;Western Cape
CUST-02393;Ayesha Pillay;41;Small Business;Free State
CUST-02394;Kagiso Dlamini;47;Small Business;Gauteng
CUST-02395;Kagiso Mokoena;45;Consumer;Western Cape
CUST-02396;Neo Nkosi;29;Consumer;Free State
CUST-02397;Kayla Mthembu;46;Consumer;Gauteng
CUST-02398;Nandi Pillay;47;Consumer;KwaZulu-Natal
CUST-02399;Ethan Molefe;26;Small Business;Western Cape
CUST-02400;Thabo Mthethwa;36;Small Business;Western Cape
CUST-02401;Kayla Mthethwa;45;Consumer;KwaZulu-Natal
CUST-02402;Ethan Pretorius;18;Consumer;Western Cape
CUST-02403;Neo Sithole;18;Consumer;Free State
CUST-02404;Ethan Mthethwa;26;Consumer;Western Cape
CUST-02405;Ethan Mthembu;63;Consumer;Gauteng
CUST-02406;Sipho Maseko;56;Small Business;KwaZulu-Natal
CUST-02407;Mia Botha;44;Consumer;Free State
CUST-02408;Amahle Maseko;35;Consumer;Gauteng
CUST-02409;Leah Van Wyk;26;Consumer;Western Cape
CUST-02410;Nandi Jacobs;47;Consumer;KwaZulu-Natal
CUST-02411;Lerato Mthembu;36;Consumer;Gauteng
CUST-02412;Leah Botha;27;Small Business;Gauteng
CUST-02413;Aiden Mabena;20;Consumer;Western Cape
CUST-02414;Sipho Botha;33;Consumer;Gauteng
CUST-02415;Thabo Sithole;57;Consumer;Limpopo
CUST-02416;Lerato Khumalo;46;Small Business;Limpopo
CUST-02417;Nandi Peters;31;Consumer;Gauteng
CUST-02418;Chloe Mthembu;26;Consumer;KwaZulu-Natal
CUST-02419;Kagiso Williams;45;Consumer;Western Cape
CUST-02420;Mia Maseko;28;Consumer;Gauteng
CUST-02421;Nandi Peters;40;Consumer;Limpopo
CUST-02422;Aiden Molefe;38;Small Business;Limpopo
CUST-02423;Neo Botha;39;Consumer;Gauteng
CUST-02424;Mpho Botha;39;Consumer;Gauteng
CUST-02425;Aiden Mthethwa;54;Corporate;Gauteng
CUST-02426;Aiden Mthethwa;30;Consumer;Western Cape
CUST-02427;Daniel Mabena;18;Consumer;Western Cape
CUST-02428;Thabo Sithole;36;Small Business;Western Cape
CUST-02429;Thabo Ndlovu;23;Consumer;KwaZulu-Natal
CUST-02430;Mpho Botha;28;Corporate;KwaZulu-Natal
CUST-02431;Chloe Maseko;40;Consumer;KwaZulu-Natal
CUST-02432;Amahle Van Wyk;38;Consumer;Western Cape
CUST-02433;Ethan Mahlangu;52;Small Business;Gauteng
CUST-02434;Amahle Botha;46;Small Business;Western Cape
CUST-02435;Ayesha Mokoena;50;Consumer;Western Cape
CUST-02436;Zanele Mthembu;25;Consumer;Gauteng
CUST-02437;Leah Van Wyk;60;Consumer;Gauteng
CUST-02438;Liam Mthembu;25;Consumer;Free State
CUST-02439;Kayla Dlamini;51;Consumer;Gauteng
CUST-02440;Liam Pretorius;25;Small Business;KwaZulu-Natal
CUST-02441;Aiden Naidoo;33;Corporate;Limpopo
CUST-02442;Zanele Mthethwa;52;Consumer;Gauteng
CUST-02443;Sipho Mabena;41;Consumer;Free State
CUST-02444;Mpho Mokoena;26;Corporate;Western Cape
CUST-02445;Kayla Williams;46;Small Business;Gauteng
CUST-02446;Jason Pillay;46;Consumer;Western Cape
CUST-02447;Kayla Ndlovu;34;Consumer;Western Cape
CUST-02448;Kayla Molefe;37;Consumer;Limpopo
CUST-02449;Sipho Sithole;29;Consumer;Western Cape
CUST-02450;Kayla Nkosi;33;Consumer;KwaZulu-Natal
CUST-02451;Mia Mokoena;21;Consumer;Gauteng
CUST-02452;Liam Maseko;35;Consumer;Gauteng
CUST-02453;Ethan Jacobs;42;Consumer;Western Cape
CUST-02454;Nandi Mthembu;34;Consumer;Gauteng
CUST-02455;Aiden Williams;48;Consumer;Western Cape
CUST-02456;Mpho Pretorius;32;Small Business;Gauteng
CUST-02457;Mia Nkosi;18;Consumer;Gauteng
CUST-02458;Mia Ndlovu;33;Consumer;Western Cape
CUST-02459;Neo Van Wyk;18;Consumer;Gauteng
CUST-02460;Lerato Van Wyk;18;Consumer;Gauteng
CUST-02461;Mpho Jacobs;41;Consumer;Western Cape
CUST-02462;Aiden Botha;22;Consumer;Gauteng
CUST-02463;Chloe Jacobs;18;Consumer;Gauteng
CUST-02464;Chloe Ndlovu;33;Consumer;Free State
CUST-02465;Jason Pretorius;26;Consumer;Gauteng
CUST-02466;Amahle Mthethwa;30;Small Business;Gauteng
CUST-02467;Jason Naidoo;36;Consumer;Western Cape
CUST-02468;Jason Mthethwa;32;Consumer;KwaZulu-Natal
CUST-02469;Chloe Van Wyk;25;Consumer;KwaZulu-Natal
CUST-02470;Lerato Ndlovu;42;Consumer;Western Cape
CUST-02471;Kagiso Mthembu;21;Consumer;Gauteng
CUST-02472;Ayesha Khumalo;23;Consumer;Western Cape
CUST-02473;Lerato Dlamini;18;Consumer;Gauteng
CUST-02474;Ayesha Mokoena;50;Small Business;KwaZulu-Natal
CUST-02475;Ayesha Mthethwa;36;Consumer;Gauteng
CUST-02476;Ethan Van Wyk;42;Consumer;Gauteng
CUST-02477;Neo Botha;33;Small Business;Gauteng
CUST-02478;Aiden Peters;33;Small Business;Western Cape
CUST-02479;Daniel Dlamini;33;Consumer;Gauteng
CUST-02480;Naledi Peters;30;Consumer;Gauteng
CUST-02481;Neo Williams;23;Small Business;Gauteng
CUST-02482;Thabo Mthethwa;25;Consumer;KwaZulu-Natal
CUST-02483;Ayesha Sithole;52;Consumer;Limpopo
CUST-02484;Liam Nkosi;35;Consumer;Limpopo
CUST-02485;Sipho Dlamini;28;Consumer;Gauteng
CUST-02486;Mia Williams;44;Consumer;Gauteng
CUST-02487;Lerato Mthethwa;32;Consumer;Gauteng
CUST-02488;Liam Mabena;35;Consumer;Free State
CUST-02489;Chloe Mthembu;50;Corporate;Western Cape
CUST-02490;Jason Naidoo;40;Small Business;KwaZulu-Natal
CUST-02491;Sipho Peters;38;Small Business;Western Cape
CUST-02492;Aiden Mabena;23;Corporate;Gauteng
CUST-02493;Chloe Pillay;21;Consumer;Gauteng
CUST-02494;Jason Pretorius;40;Small Business;Gauteng
CUST-02495;Neo Maseko;18;Consumer;KwaZulu-Natal
CUST-02496;Ethan Van Wyk;30;Consumer;Limpopo
CUST-02497;Kagiso Maseko;38;Consumer;Limpopo
CUST-02498;Ethan Sithole;25;Consumer;Western Cape
CUST-02499;Kayla Sithole;35;Consumer;Gauteng
CUST-02500;Liam Mthethwa;24;Consumer;Gauteng
CUST-02501;Kayla Nkosi;33;Consumer;Free State
CUST-02502;Ethan Nkosi;33;Consumer;Gauteng
CUST-02503;Sipho Ndlovu;19;Small Business;Western Cape
CUST-02504;Daniel Mthembu;47;Consumer;KwaZulu-Natal
CUST-02505;Ayesha Botha;18;Consumer;Gauteng
CUST-02506;Jason Maseko;29;Consumer;Gauteng
CUST-02507;Aiden Pretorius;45;Small Business;Western Cape
CUST-02508;Zanele Molefe;48;Consumer;Gauteng
CUST-02509;Nandi Mabena;38;Consumer;Western Cape
CUST-02510;Jason Sithole;38;Corporate;Free State
CUST-02511;Daniel Mthethwa;26;Small Business;Limpopo
CUST-02512;Neo Peters;47;Consumer;Free State
CUST-02513;Chloe Van Wyk;40;Small Business;Gauteng
CUST-02514;Leah Mthembu;44;Small Business;Gauteng
CUST-02515;Amahle Pretorius;35;Consumer;KwaZulu-Natal
CUST-02516;Zanele Mthethwa;43;Consumer;Free State
CUST-02517;Kayla Pretorius;46;Consumer;KwaZulu-Natal
CUST-02518;Naledi Pillay;39;Consumer;Free State
CUST-02519;Jason Ndlovu;22;Consumer;KwaZulu-Natal
CUST-02520;Zanele Mokoena;39;Consumer;KwaZulu-Natal
CUST-02521;Mpho Peters;56;Consumer;Western Cape
CUST-02522;Neo Pillay;50;Consumer;Western Cape
CUST-02523;Ethan Sithole;39;Small Business;Limpopo
CUST-02524;Kagiso Mokoena;29;Consumer;Gauteng
CUST-02525;Lerato Pretorius;31;Corporate;Free State
CUST-02526;Liam Nkosi;20;Consumer;Free State
CUST-02527;Kayla Jacobs;50;Consumer;Western Cape
CUST-02528;Ayesha Van Wyk;47;Consumer;Western Cape
CUST-02529;Naledi Botha;25;Small Business;Gauteng
CUST-02530;Naledi Naidoo;34;Consumer;Gauteng
CUST-02531;Ayesha Botha;35;Consumer;KwaZulu-Natal
CUST-02532;Daniel Molefe;57;Small Business;Western Cape
CUST-02533;Ethan Maseko;34;Small Business;Gauteng
CUST-02534;Kagiso Jacobs;30;Consumer;Gauteng
CUST-02535;Nandi Botha;34;Small Business;Gauteng
CUST-02536;Ethan Botha;20;Consumer;Free State
CUST-02537;Aiden Peters;39;Small Business;Gauteng
CUST-02538;Kayla Botha;67;Consumer;Western Cape
CUST-02539;Amahle Jacobs;28;Consumer;Western Cape
CUST-02540;Daniel Dlamini;25;Consumer;Gauteng
CUST-02541;Chloe Pillay;33;Corporate;Western Cape
CUST-02542;Jason Botha;35;Consumer;Gauteng
CUST-02543;Naledi Pretorius;33;Small Business;Western Cape
CUST-02544;Aiden Mokoena;52;Small Business;Gauteng
CUST-02545;Ethan Nkosi;50;Consumer;Western Cape
CUST-02546;Mpho Dlamini;40;Small Business;Limpopo
CUST-02547;Thabo Mokoena;28;Consumer;KwaZulu-Natal
CUST-02548;Ayesha Dlamini;40;Consumer;Limpopo
CUST-02549;Ethan Botha;25;Consumer;KwaZulu-Natal
CUST-02550;Aiden Sithole;36;Small Business;KwaZulu-Natal
CUST-02551;Nandi Mabena;37;Consumer;KwaZulu-Natal
CUST-02552;Leah Dlamini;19;Consumer;Gauteng
CUST-02553;Sipho Mthembu;34;Consumer;Gauteng
CUST-02554;Lerato Sithole;34;Consumer;Gauteng
CUST-02555;Lerato Williams;41;Consumer;KwaZulu-Natal
CUST-02556;Thabo Pillay;38;Consumer;KwaZulu-Natal
CUST-02557;Amahle Pretorius;35;Consumer;Gauteng
CUST-02558;Kayla Pillay;50;Consumer;Gauteng
CUST-02559;Ethan Van Wyk;46;Small Business;Gauteng
CUST-02560;Kayla Jacobs;27;Consumer;Free State
CUST-02561;Sipho Van Wyk;54;Consumer;Western Cape
CUST-02562;Daniel Dlamini;38;Consumer;Gauteng
CUST-02563;Ayesha Mthethwa;32;Consumer;Gauteng
CUST-02564;Ethan Khumalo;18;Consumer;Limpopo
CUST-02565;Liam Ndlovu;24;Consumer;Western Cape
CUST-02566;Leah Khumalo;30;Consumer;KwaZulu-Natal
CUST-02567;Jason Williams;35;Consumer;KwaZulu-Natal
CUST-02568;Naledi Van Wyk;39;Small Business;KwaZulu-Natal
CUST-02569;Lerato Mabena;46;Consumer;Gauteng
CUST-02570;Zanele Pretorius;26;Consumer;Gauteng
CUST-02571;Daniel Pillay;26;Consumer;Gauteng
CUST-02572;Nandi Botha;29;Consumer;KwaZulu-Natal
CUST-02573;Nandi Mthethwa;66;Consumer;Gauteng
CUST-02574;Amahle Naidoo;47;Small Business;Western Cape
CUST-02575;Nandi Van Wyk;34;Consumer;Western Cape
CUST-02576;Nandi Jacobs;32;Consumer;Gauteng
CUST-02577;Naledi Botha;41;Consumer;Free State
CUST-02578;Ayesha Naidoo;40;Consumer;Gauteng
CUST-02579;Chloe Mthembu;41;Small Business;Free State
CUST-02580;Kagiso Mokoena;25;Corporate;Gauteng
CUST-02581;Jason Pillay;33;Small Business;Limpopo
CUST-02582;Mpho Sithole;53;Small Business;Limpopo
CUST-02583;Neo Pillay;32;Consumer;Gauteng
CUST-02584;Ayesha Botha;33;Consumer;Gauteng
CUST-02585;Naledi Jacobs;33;Consumer;Gauteng
CUST-02586;Kayla Williams;55;Small Business;Free State
CUST-02587;Liam Williams;24;Consumer;KwaZulu-Natal
CUST-02588;Naledi Mthembu;35;Consumer;Limpopo
CUST-02589;Kayla Mabena;37;Consumer;Limpopo
CUST-02590;Amahle Khumalo;47;Consumer;KwaZulu-Natal
CUST-02591;Sipho Mthethwa;35;Corporate;Gauteng
CUST-02592;Sipho Sithole;43;Consumer;Gauteng
CUST-02593;Jason Molefe;40;Consumer;Gauteng
CUST-02594;Chloe Mthembu;55;Consumer;Gauteng
CUST-02595;Amahle Nkosi;30;Consumer;Gauteng
CUST-02596;Thabo Mokoena;41;Small Business;Free State
CUST-02597;Kayla Maseko;34;Consumer;Western Cape
CUST-02598;Leah Khumalo;38;Consumer;KwaZulu-Natal
CUST-02599;Ethan Naidoo;26;Consumer;Western Cape
CUST-02600;Daniel Mthethwa;18;Consumer;KwaZulu-Natal
CUST-02601;Zanele Jacobs;34;Consumer;Western Cape
CUST-02602;Aiden Pretorius;30;Small Business;Western Cape
CUST-02603;Sipho Sithole;52;Consumer;Gauteng
CUST-02604;Ethan Peters;29;Consumer;KwaZulu-Natal
CUST-02605;Jason Pillay;30;Small Business;Limpopo
CUST-02606;Neo Williams;20;Consumer;Western Cape
CUST-02607;Mia Nkosi;36;Consumer;Western Cape
CUST-02608;Ethan Mokoena;28;Consumer;Gauteng
CUST-02609;Mia Van Wyk;30;Small Business;Gauteng
CUST-02610;Zanele Mabena;33;Consumer;Western Cape
CUST-02611;Thabo Nkosi;30;Consumer;Limpopo
CUST-02612;Neo Mokoena;33;Consumer;Gauteng
CUST-02613;Ethan Mthethwa;41;Small Business;Gauteng
CUST-02614;Chloe Sithole;21;Consumer;KwaZulu-Natal
CUST-02615;Amahle Mthembu;31;Corporate;Free State
CUST-02616;Aiden Mokoena;51;Consumer;Western Cape
CUST-02617;Neo Ndlovu;28;Consumer;Gauteng
CUST-02618;Kagiso Peters;26;Consumer;Free State
CUST-02619;Thabo Mahlangu;31;Consumer;Gauteng
CUST-02620;Lerato Molefe;31;Consumer;Western Cape
CUST-02621;Ethan Mokoena;58;Consumer;Gauteng
CUST-02622;Nandi Pillay;21;Consumer;Western Cape
CUST-02623;Mia Jacobs;42;Consumer;KwaZulu-Natal
CUST-02624;Leah Naidoo;32;Small Business;KwaZulu-Natal
CUST-02625;Naledi Sithole;43;Consumer;Gauteng
CUST-02626;Amahle Mokoena;28;Consumer;Western Cape
CUST-02627;Lerato Mthembu;56;Consumer;Gauteng
CUST-02628;Aiden Sithole;25;Consumer;Western Cape
CUST-02629;Naledi Sithole;21;Consumer;Limpopo
CUST-02630;Thabo Ndlovu;53;Small Business;KwaZulu-Natal
CUST-02631;Liam Nkosi;33;Consumer;KwaZulu-Natal
CUST-02632;Ayesha Peters;31;Consumer;KwaZulu-Natal
CUST-02633;Thabo Williams;41;Consumer;Western Cape
CUST-02634;Lerato Mokoena;22;Consumer;KwaZulu-Natal
CUST-02635;Daniel Molefe;44;Consumer;Gauteng
CUST-02636;Zanele Williams;30;Consumer;Free State
CUST-02637;Kayla Pillay;50;Corporate;KwaZulu-Natal
CUST-02638;Mia Jacobs;46;Consumer;Free State
CUST-02639;Daniel Mokoena;32;Consumer;Gauteng
CUST-02640;Daniel Williams;40;Consumer;Gauteng
CUST-02641;Mia Jacobs;56;Consumer;Western Cape
CUST-02642;Kayla Molefe;38;Consumer;Western Cape
CUST-02643;Nandi Sithole;21;Small Business;Gauteng
CUST-02644;Aiden Peters;29;Consumer;Gauteng
CUST-02645;Liam Pretorius;27;Small Business;Western Cape
CUST-02646;Mpho Dlamini;59;Consumer;Free State
CUST-02647;Mpho Jacobs;31;Consumer;Western Cape
CUST-02648;Amahle Van Wyk;51;Small Business;Gauteng
CUST-02649;Daniel Peters;33;Consumer;KwaZulu-Natal
CUST-02650;Chloe Mthembu;45;Consumer;Limpopo
CUST-02651;Kagiso Khumalo;28;Consumer;KwaZulu-Natal
CUST-02652;Amahle Nkosi;37;Consumer;Western Cape
CUST-02653;Amahle Nkosi;42;Consumer;Western Cape
CUST-02654;Ayesha Nkosi;40;Corporate;KwaZulu-Natal
CUST-02655;Thabo Mthethwa;41;Small Business;Gauteng
CUST-02656;Liam Maseko;35;Consumer;Gauteng
CUST-02657;Naledi Nkosi;40;Consumer;Western Cape
CUST-02658;Chloe Naidoo;20;Small Business;Gauteng
CUST-02659;Mia Molefe;26;Consumer;Limpopo
CUST-02660;Zanele Mthethwa;45;Consumer;Gauteng
CUST-02661;Neo Pretorius;44;Small Business;KwaZulu-Natal
CUST-02662;Chloe Nkosi;37;Consumer;Gauteng
CUST-02663;Ethan Pillay;41;Consumer;Gauteng
CUST-02664;Thabo Molefe;41;Consumer;Western Cape
CUST-02665;Liam Van Wyk;30;Small Business;Gauteng
CUST-02666;Sipho Sithole;33;Small Business;Gauteng
CUST-02667;Nandi Khumalo;24;Consumer;KwaZulu-Natal
CUST-02668;Leah Khumalo;53;Consumer;Western Cape
CUST-02669;Mia Mabena;36;Consumer;Free State
CUST-02670;Sipho Dlamini;30;Consumer;Gauteng
CUST-02671;Mia Sithole;45;Small Business;Limpopo
CUST-02672;Lerato Naidoo;18;Consumer;Gauteng
CUST-02673;Neo Nkosi;29;Small Business;Limpopo
CUST-02674;Neo Mabena;49;Consumer;Western Cape
CUST-02675;Aiden Naidoo;32;Consumer;Limpopo
CUST-02676;Lerato Mthembu;25;Consumer;Free State
CUST-02677;Chloe Mthembu;30;Corporate;KwaZulu-Natal
CUST-02678;Liam Sithole;50;Small Business;KwaZulu-Natal
CUST-02679;Daniel Mthembu;37;Small Business;Western Cape
CUST-02680;Mpho Williams;36;Consumer;Western Cape
CUST-02681;Kagiso Peters;51;Consumer;KwaZulu-Natal
CUST-02682;Nandi Ndlovu;18;Consumer;Western Cape
CUST-02683;Daniel Maseko;36;Consumer;Western Cape
CUST-02684;Mia Mthethwa;43;Consumer;Gauteng
CUST-02685;Nandi Khumalo;50;Consumer;Gauteng
CUST-02686;Thabo Jacobs;33;Consumer;Free State
CUST-02687;Chloe Khumalo;51;Consumer;Gauteng
CUST-02688;Daniel Mahlangu;48;Consumer;Limpopo
CUST-02689;Neo Pretorius;34;Small Business;KwaZulu-Natal
CUST-02690;Daniel Molefe;33;Consumer;Gauteng
CUST-02691;Mpho Mabena;43;Consumer;Gauteng
CUST-02692;Liam Khumalo;24;Consumer;KwaZulu-Natal
CUST-02693;Zanele Nkosi;28;Consumer;Gauteng
CUST-02694;Chloe Van Wyk;53;Small Business;Gauteng
CUST-02695;Amahle Botha;40;Consumer;Gauteng
CUST-02696;Amahle Dlamini;18;Consumer;Gauteng
CUST-02697;Chloe Peters;42;Consumer;Western Cape
CUST-02698;Neo Khumalo;20;Small Business;KwaZulu-Natal
CUST-02699;Mpho Mokoena;24;Consumer;Western Cape
CUST-02700;Chloe Molefe;43;Consumer;Western Cape
CUST-02701;Chloe Dlamini;47;Small Business;Western Cape
CUST-02702;Naledi Van Wyk;31;Consumer;Limpopo
CUST-02703;Naledi Mahlangu;34;Consumer;Free State
CUST-02704;Jason Mabena;28;Consumer;KwaZulu-Natal
CUST-02705;Leah Pillay;18;Small Business;Free State
CUST-02706;Lerato Mthethwa;42;Consumer;KwaZulu-Natal
CUST-02707;Neo Naidoo;25;Consumer;Western Cape
CUST-02708;Naledi Molefe;28;Corporate;Western Cape
CUST-02709;Thabo Mokoena;31;Consumer;Western Cape
CUST-02710;Neo Jacobs;47;Consumer;Western Cape
CUST-02711;Sipho Sithole;45;Small Business;Western Cape
CUST-02712;Amahle Mthembu;48;Consumer;Free State
CUST-02713;Leah Naidoo;26;Corporate;Limpopo
CUST-02714;Sipho Mthethwa;44;Consumer;KwaZulu-Natal
CUST-02715;Jason Pretorius;42;Consumer;Western Cape
CUST-02716;Lerato Williams;29;Consumer;Free State
CUST-02717;Mia Mahlangu;26;Small Business;Limpopo
CUST-02718;Liam Jacobs;42;Small Business;KwaZulu-Natal
CUST-02719;Leah Van Wyk;28;Consumer;Western Cape
CUST-02720;Lerato Mokoena;41;Consumer;Limpopo
CUST-02721;Nandi Mabena;36;Consumer;Western Cape
CUST-02722;Kayla Molefe;27;Small Business;Gauteng
CUST-02723;Zanele Mthethwa;21;Small Business;Limpopo
CUST-02724;Daniel Mabena;38;Small Business;KwaZulu-Natal
CUST-02725;Aiden Pillay;43;Consumer;Western Cape
CUST-02726;Liam Sithole;24;Consumer;Western Cape
CUST-02727;Ayesha Pretorius;20;Consumer;KwaZulu-Natal
CUST-02728;Jason Jacobs;27;Consumer;KwaZulu-Natal
CUST-02729;Zanele Pretorius;39;Small Business;Gauteng
CUST-02730;Nandi Mahlangu;49;Consumer;Western Cape
CUST-02731;Ayesha Mthembu;37;Small Business;Free State
CUST-02732;Mpho Peters;35;Consumer;Western Cape
CUST-02733;Chloe Khumalo;34;Consumer;KwaZulu-Natal
CUST-02734;Ethan Molefe;33;Consumer;Western Cape
CUST-02735;Leah Mthembu;25;Consumer;Gauteng
CUST-02736;Neo Peters;41;Small Business;KwaZulu-Natal
CUST-02737;Nandi Mahlangu;42;Consumer;KwaZulu-Natal
CUST-02738;Amahle Mahlangu;36;Consumer;Western Cape
CUST-02739;Ethan Williams;18;Consumer;Gauteng
CUST-02740;Mia Ndlovu;24;Small Business;Limpopo
CUST-02741;Zanele Mokoena;48;Small Business;Western Cape
CUST-02742;Jason Molefe;56;Consumer;Western Cape
CUST-02743;Thabo Van Wyk;38;Small Business;KwaZulu-Natal
CUST-02744;Daniel Sithole;48;Small Business;Free State
CUST-02745;Lerato Mokoena;43;Consumer;Western Cape
CUST-02746;Neo Pretorius;19;Small Business;Limpopo
CUST-02747;Amahle Sithole;34;Corporate;Western Cape
CUST-02748;Amahle Van Wyk;25;Small Business;Western Cape
CUST-02749;Liam Maseko;49;Small Business;KwaZulu-Natal
CUST-02750;Jason Mabena;58;Consumer;Western Cape
CUST-02751;Kayla Ndlovu;52;Corporate;Western Cape
CUST-02752;Kayla Nkosi;23;Consumer;Gauteng
CUST-02753;Lerato Sithole;35;Corporate;KwaZulu-Natal
CUST-02754;Aiden Williams;18;Small Business;Limpopo
CUST-02755;Nandi Ndlovu;38;Consumer;Western Cape
CUST-02756;Aiden Peters;49;Consumer;Gauteng
CUST-02757;Lerato Peters;38;Corporate;Western Cape
CUST-02758;Leah Mahlangu;41;Consumer;Gauteng
CUST-02759;Zanele Mthembu;20;Consumer;Western Cape
CUST-02760;Kagiso Van Wyk;47;Small Business;Western Cape
CUST-02761;Zanele Sithole;44;Small Business;Western Cape
CUST-02762;Thabo Mthembu;29;Consumer;Western Cape
CUST-02763;Lerato Dlamini;42;Small Business;KwaZulu-Natal
CUST-02764;Mpho Williams;60;Consumer;Free State
CUST-02765;Kayla Williams;29;Consumer;Limpopo
CUST-02766;Mia Ndlovu;55;Consumer;Western Cape
CUST-02767;Naledi Molefe;46;Consumer;Gauteng
CUST-02768;Ethan Pillay;51;Small Business;Gauteng
CUST-02769;Neo Naidoo;58;Consumer;Free State
CUST-02770;Nandi Pretorius;28;Consumer;Western Cape
CUST-02771;Ethan Molefe;55;Consumer;Western Cape
CUST-02772;Mia Mabena;26;Consumer;Western Cape
CUST-02773;Naledi Peters;53;Small Business;Gauteng
CUST-02774;Thabo Molefe;40;Consumer;Free State
CUST-02775;Kayla Pretorius;29;Consumer;Gauteng
CUST-02776;Chloe Peters;34;Consumer;Limpopo
CUST-02777;Nandi Mabena;35;Consumer;Western Cape
CUST-02778;Zanele Mthembu;44;Consumer;Limpopo
CUST-02779;Mpho Mthembu;23;Small Business;Free State
CUST-02780;Aiden Botha;37;Small Business;Gauteng
CUST-02781;Jason Nkosi;42;Consumer;KwaZulu-Natal
CUST-02782;Kagiso Mthethwa;42;Small Business;Gauteng
CUST-02783;Mia Ndlovu;30;Consumer;Western Cape
CUST-02784;Lerato Pretorius;28;Consumer;Gauteng
CUST-02785;Amahle Van Wyk;43;Corporate;Limpopo
CUST-02786;Mpho Dlamini;32;Consumer;Gauteng
CUST-02787;Kagiso Van Wyk;41;Small Business;Gauteng
CUST-02788;Lerato Naidoo;43;Consumer;Limpopo
CUST-02789;Thabo Pillay;32;Small Business;KwaZulu-Natal
CUST-02790;Neo Molefe;34;Consumer;Western Cape
CUST-02791;Chloe Nkosi;32;Consumer;KwaZulu-Natal
CUST-02792;Liam Nkosi;41;Consumer;Gauteng
CUST-02793;Neo Nkosi;35;Consumer;Gauteng
CUST-02794;Nandi Jacobs;48;Consumer;Western Cape
CUST-02795;Sipho Peters;46;Consumer;KwaZulu-Natal
CUST-02796;Thabo Botha;28;Consumer;Gauteng
CUST-02797;Amahle Peters;41;Consumer;Limpopo
CUST-02798;Zanele Khumalo;48;Small Business;Gauteng
CUST-02799;Nandi Sithole;39;Consumer;Gauteng
CUST-02800;Ethan Molefe;27;Consumer;Limpopo
CUST-02801;Daniel Sithole;28;Small Business;Western Cape
CUST-02802;Jason Dlamini;57;Consumer;Western Cape
CUST-02803;Sipho Peters;28;Consumer;Gauteng
CUST-02804;Jason Pretorius;40;Consumer;KwaZulu-Natal
CUST-02805;Daniel Williams;35;Consumer;Western Cape
CUST-02806;Naledi Mabena;35;Small Business;KwaZulu-Natal
CUST-02807;Lerato Dlamini;24;Small Business;Gauteng
CUST-02808;Jason Dlamini;20;Consumer;Western Cape
CUST-02809;Ethan Peters;27;Consumer;Gauteng
CUST-02810;Chloe Van Wyk;63;Consumer;KwaZulu-Natal
CUST-02811;Mia Pillay;45;Consumer;KwaZulu-Natal
CUST-02812;Naledi Pretorius;45;Consumer;KwaZulu-Natal
CUST-02813;Thabo Nkosi;18;Small Business;Western Cape
CUST-02814;Aiden Mthethwa;26;Small Business;Free State
CUST-02815;Mpho Ndlovu;23;Corporate;Western Cape
CUST-02816;Kayla Molefe;38;Consumer;Gauteng
CUST-02817;Daniel Van Wyk;38;Consumer;Gauteng
CUST-02818;Leah Botha;24;Small Business;Western Cape
CUST-02819;Aiden Botha;46;Consumer;KwaZulu-Natal
CUST-02820;Thabo Ndlovu;55;Consumer;Free State
CUST-02821;Amahle Mthethwa;35;Consumer;Western Cape
CUST-02822;Chloe Ndlovu;26;Consumer;Gauteng
CUST-02823;Daniel Peters;45;Consumer;Gauteng
CUST-02824;Neo Pillay;36;Small Business;Limpopo
CUST-02825;Aiden Khumalo;49;Consumer;Free State
CUST-02826;Lerato Pretorius;57;Consumer;Western Cape
CUST-02827;Kayla Mthethwa;41;Consumer;KwaZulu-Natal
CUST-02828;Liam Mahlangu;42;Consumer;Western Cape
CUST-02829;Kagiso Pretorius;47;Consumer;Gauteng
CUST-02830;Leah Khumalo;18;Corporate;Gauteng
CUST-02831;Daniel Williams;46;Small Business;Western Cape
CUST-02832;Zanele Mthembu;41;Consumer;Western Cape
CUST-02833;Liam Pretorius;26;Small Business;Gauteng
CUST-02834;Liam Botha;24;Consumer;Gauteng
CUST-02835;Mpho Van Wyk;40;Consumer;Free State
CUST-02836;Jason Molefe;39;Corporate;Free State
CUST-02837;Liam Nkosi;36;Small Business;Gauteng
CUST-02838;Sipho Van Wyk;35;Consumer;KwaZulu-Natal
CUST-02839;Jason Sithole;43;Small Business;KwaZulu-Natal
CUST-02840;Leah Mthethwa;39;Consumer;Gauteng
CUST-02841;Leah Nkosi;34;Consumer;KwaZulu-Natal
CUST-02842;Lerato Pillay;32;Small Business;Western Cape
CUST-02843;Nandi Mokoena;57;Small Business;KwaZulu-Natal
CUST-02844;Kagiso Maseko;18;Consumer;Gauteng
CUST-02845;Nandi Dlamini;46;Consumer;Limpopo
CUST-02846;Lerato Mokoena;18;Small Business;KwaZulu-Natal
CUST-02847;Lerato Mthethwa;37;Consumer;Free State
CUST-02848;Leah Khumalo;50;Corporate;Western Cape
CUST-02849;Ayesha Nkosi;35;Consumer;Free State
CUST-02850;Chloe Dlamini;30;Small Business;Western Cape
CUST-02851;Chloe Mthethwa;25;Consumer;Western Cape
CUST-02852;Leah Mthethwa;33;Small Business;Gauteng
CUST-02853;Daniel Peters;46;Consumer;Gauteng
CUST-02854;Leah Sithole;30;Consumer;KwaZulu-Natal
CUST-02855;Mpho Mthembu;38;Consumer;Gauteng
CUST-02856;Liam Sithole;24;Consumer;Western Cape
CUST-02857;Amahle Naidoo;36;Consumer;Gauteng
CUST-02858;Thabo Naidoo;38;Consumer;KwaZulu-Natal
CUST-02859;Jason Molefe;46;Small Business;Limpopo
CUST-02860;Naledi Botha;20;Consumer;Western Cape
CUST-02861;Thabo Jacobs;37;Consumer;KwaZulu-Natal
CUST-02862;Naledi Dlamini;44;Consumer;Gauteng
CUST-02863;Kayla Mokoena;48;Consumer;Gauteng
CUST-02864;Leah Maseko;33;Consumer;Gauteng
CUST-02865;Mpho Naidoo;68;Consumer;Gauteng
CUST-02866;Mia Mabena;34;Consumer;Free State
CUST-02867;Jason Pretorius;35;Consumer;KwaZulu-Natal
CUST-02868;Aiden Botha;45;Consumer;KwaZulu-Natal
CUST-02869;Mpho Naidoo;37;Consumer;Gauteng
CUST-02870;Daniel Peters;40;Small Business;Limpopo
CUST-02871;Ethan Williams;33;Consumer;Gauteng
CUST-02872;Lerato Jacobs;29;Consumer;Gauteng
CUST-02873;Lerato Mahlangu;24;Small Business;Free State
CUST-02874;Jason Nkosi;29;Small Business;Gauteng
CUST-02875;Daniel Sithole;19;Consumer;Limpopo
CUST-02876;Chloe Maseko;23;Consumer;Limpopo
CUST-02877;Ayesha Mthethwa;31;Consumer;Western Cape
CUST-02878;Chloe Williams;53;Consumer;Gauteng
CUST-02879;Ayesha Mabena;34;Consumer;Limpopo
CUST-02880;Thabo Mthembu;29;Small Business;Western Cape
CUST-02881;Naledi Williams;49;Small Business;Gauteng
CUST-02882;Aiden Peters;34;Consumer;Gauteng
CUST-02883;Sipho Mabena;18;Consumer;KwaZulu-Natal
CUST-02884;Nandi Dlamini;23;Consumer;Free State
CUST-02885;Thabo Dlamini;51;Consumer;Gauteng
CUST-02886;Naledi Naidoo;42;Consumer;Gauteng
CUST-02887;Nandi Mthethwa;42;Consumer;KwaZulu-Natal
CUST-02888;Leah Mthethwa;33;Consumer;KwaZulu-Natal
CUST-02889;Thabo Mokoena;31;Corporate;KwaZulu-Natal
CUST-02890;Daniel Khumalo;19;Consumer;KwaZulu-Natal
CUST-02891;Neo Mokoena;46;Consumer;Free State
CUST-02892;Mia Naidoo;23;Consumer;Limpopo
CUST-02893;Sipho Mokoena;60;Consumer;Western Cape
CUST-02894;Liam Ndlovu;41;Small Business;Gauteng
CUST-02895;Ayesha Mthethwa;21;Small Business;Free State
CUST-02896;Naledi Dlamini;54;Consumer;Western Cape
CUST-02897;Daniel Jacobs;19;Consumer;Gauteng
CUST-02898;Nandi Naidoo;21;Consumer;Gauteng
CUST-02899;Chloe Molefe;39;Small Business;Gauteng
CUST-02900;Amahle Pillay;29;Consumer;Gauteng
CUST-02901;Thabo Pillay;42;Consumer;Western Cape
CUST-02902;Naledi Pillay;18;Consumer;Western Cape
CUST-02903;Neo Peters;33;Consumer;KwaZulu-Natal
CUST-02904;Naledi Williams;35;Consumer;Western Cape
CUST-02905;Lerato Dlamini;32;Consumer;KwaZulu-Natal
CUST-02906;Liam Mthethwa;36;Consumer;Limpopo
CUST-02907;Daniel Van Wyk;27;Small Business;Limpopo
CUST-02908;Naledi Dlamini;39;Consumer;Gauteng
CUST-02909;Liam Pretorius;34;Small Business;Gauteng
CUST-02910;Kayla Ndlovu;41;Small Business;Limpopo
CUST-02911;Jason Sithole;51;Small Business;Gauteng
CUST-02912;Mpho Mthembu;58;Small Business;Western Cape
CUST-02913;Thabo Williams;62;Small Business;Western Cape
CUST-02914;Liam Mabena;32;Corporate;Gauteng
CUST-02915;Mia Naidoo;43;Consumer;Gauteng
CUST-02916;Neo Peters;45;Consumer;Western Cape
CUST-02917;Chloe Mahlangu;62;Consumer;Western Cape
CUST-02918;Nandi Naidoo;33;Consumer;Limpopo
CUST-02919;Leah Pretorius;42;Consumer;Gauteng
CUST-02920;Zanele Mabena;53;Consumer;Western Cape
CUST-02921;Lerato Williams;18;Consumer;Western Cape
CUST-02922;Chloe Khumalo;39;Consumer;KwaZulu-Natal
CUST-02923;Daniel Van Wyk;30;Consumer;Western Cape
CUST-02924;Mia Naidoo;24;Consumer;Western Cape
CUST-02925;Sipho Mahlangu;46;Consumer;KwaZulu-Natal
CUST-02926;Liam Mahlangu;18;Consumer;Free State
CUST-02927;Sipho Mabena;35;Consumer;Western Cape
CUST-02928;Daniel Mokoena;20;Consumer;Limpopo
CUST-02929;Leah Maseko;43;Consumer;Gauteng
CUST-02930;Mpho Ndlovu;51;Consumer;Gauteng
CUST-02931;Amahle Pillay;29;Corporate;Western Cape
CUST-02932;Chloe Van Wyk;18;Consumer;Free State
CUST-02933;Daniel Pillay;35;Consumer;Limpopo
CUST-02934;Lerato Nkosi;36;Consumer;Free State
CUST-02935;Daniel Pillay;35;Consumer;Western Cape
CUST-02936;Lerato Mthethwa;38;Consumer;Gauteng
CUST-02937;Chloe Jacobs;22;Consumer;KwaZulu-Natal
CUST-02938;Liam Van Wyk;37;Consumer;Western Cape
CUST-02939;Neo Pretorius;42;Consumer;Gauteng
CUST-02940;Ethan Naidoo;31;Consumer;Western Cape
CUST-02941;Lerato Maseko;30;Small Business;KwaZulu-Natal
CUST-02942;Sipho Molefe;27;Consumer;Gauteng
CUST-02943;Aiden Jacobs;24;Consumer;KwaZulu-Natal
CUST-02944;Daniel Botha;37;Consumer;Gauteng
CUST-02945;Zanele Mahlangu;42;Small Business;Gauteng
CUST-02946;Liam Naidoo;34;Corporate;KwaZulu-Natal
CUST-02947;Neo Mthethwa;31;Consumer;KwaZulu-Natal
CUST-02948;Leah Mahlangu;31;Consumer;Free State
CUST-02949;Kayla Ndlovu;41;Consumer;Western Cape
CUST-02950;Leah Mthembu;19;Consumer;Western Cape
CUST-02951;Zanele Botha;38;Consumer;Western Cape
CUST-02952;Daniel Mabena;36;Small Business;KwaZulu-Natal
CUST-02953;Ayesha Pillay;57;Consumer;Free State
CUST-02954;Mpho Ndlovu;28;Small Business;Gauteng
CUST-02955;Sipho Mahlangu;31;Consumer;Gauteng
CUST-02956;Aiden Williams;49;Consumer;Western Cape
CUST-02957;Aiden Peters;44;Corporate;Western Cape
CUST-02958;Nandi Nkosi;36;Consumer;Gauteng
CUST-02959;Aiden Mokoena;38;Consumer;Gauteng
CUST-02960;Chloe Mthethwa;31;Small Business;Gauteng
CUST-02961;Naledi Khumalo;56;Consumer;Gauteng
CUST-02962;Ayesha Mokoena;34;Consumer;Gauteng
CUST-02963;Sipho Pretorius;33;Small Business;Free State
CUST-02964;Chloe Mthembu;35;Consumer;Gauteng
CUST-02965;Kayla Pretorius;27;Consumer;Western Cape
CUST-02966;Naledi Nkosi;64;Consumer;Free State
CUST-02967;Kagiso Molefe;44;Consumer;Gauteng
CUST-02968;Ethan Van Wyk;44;Consumer;Western Cape
CUST-02969;Mia Botha;32;Small Business;Western Cape
CUST-02970;Nandi Pretorius;36;Consumer;Western Cape
CUST-02971;Kayla Mahlangu;42;Consumer;Western Cape
CUST-02972;Ayesha Jacobs;47;Consumer;Western Cape
CUST-02973;Ayesha Mokoena;22;Small Business;Gauteng
CUST-02974;Naledi Williams;44;Consumer;Gauteng
CUST-02975;Kayla Mahlangu;43;Consumer;Gauteng
CUST-02976;Kayla Pillay;40;Consumer;Limpopo
CUST-02977;Chloe Peters;28;Consumer;Western Cape
CUST-02978;Nandi Williams;37;Consumer;KwaZulu-Natal
CUST-02979;Mia Khumalo;30;Consumer;Gauteng
CUST-02980;Amahle Mahlangu;48;Consumer;Western Cape
CUST-02981;Jason Peters;51;Consumer;Gauteng
CUST-02982;Chloe Mokoena;61;Consumer;Western Cape
CUST-02983;Leah Pretorius;57;Consumer;Free State
CUST-02984;Nandi Van Wyk;34;Consumer;Limpopo
CUST-02985;Jason Mthethwa;28;Consumer;KwaZulu-Natal
CUST-02986;Zanele Mthembu;53;Consumer;Gauteng
CUST-02987;Aiden Khumalo;53;Consumer;Western Cape
CUST-02988;Zanele Mabena;42;Consumer;Limpopo
CUST-02989;Mia Mthembu;36;Consumer;Gauteng
CUST-02990;Liam Mokoena;24;Consumer;Western Cape
CUST-02991;Chloe Nkosi;50;Small Business;Gauteng
CUST-02992;Chloe Pillay;50;Consumer;Western Cape
CUST-02993;Kagiso Sithole;34;Consumer;Western Cape
CUST-02994;Ethan Ndlovu;18;Consumer;Western Cape
CUST-02995;Ayesha Mabena;51;Consumer;Free State
CUST-02996;Zanele Pillay;32;Small Business;Gauteng
CUST-02997;Leah Ndlovu;39;Consumer;Western Cape
CUST-02998;Kayla Molefe;48;Consumer;Free State
CUST-02999;Thabo Khumalo;49;Consumer;Western Cape
CUST-03000;Kayla Peters;40;Consumer;Western Cape
CUST-03001;Neo Dlamini;42;Consumer;Gauteng
CUST-03002;Nandi Mthembu;33;Consumer;KwaZulu-Natal
CUST-03003;Zanele Nkosi;32;Consumer;KwaZulu-Natal
CUST-03004;Sipho Mabena;42;Consumer;KwaZulu-Natal
CUST-03005;Aiden Naidoo;30;Small Business;KwaZulu-Natal
CUST-03006;Daniel Pillay;24;Small Business;Gauteng
CUST-03007;Ethan Mthethwa;40;Consumer;Gauteng
CUST-03008;Chloe Pillay;18;Corporate;Gauteng
CUST-03009;Nandi Mokoena;26;Small Business;Gauteng
CUST-03010;Mpho Jacobs;24;Corporate;Gauteng
CUST-03011;Thabo Mahlangu;45;Small Business;Limpopo
CUST-03012;Mia Williams;41;Small Business;KwaZulu-Natal
CUST-03013;Naledi Mabena;28;Consumer;Western Cape
CUST-03014;Aiden Mthembu;21;Consumer;KwaZulu-Natal
CUST-03015;Daniel Pillay;36;Consumer;Western Cape
CUST-03016;Ayesha Naidoo;42;Small Business;Western Cape
CUST-03017;Amahle Mthethwa;30;Consumer;Gauteng
CUST-03018;Liam Mthethwa;44;Consumer;Limpopo
CUST-03019;Jason Ndlovu;39;Consumer;Gauteng
CUST-03020;Kayla Nkosi;34;Consumer;Gauteng
CUST-03021;Ethan Naidoo;35;Consumer;Gauteng
CUST-03022;Sipho Khumalo;53;Consumer;KwaZulu-Natal
CUST-03023;Daniel Sithole;57;Consumer;Gauteng
CUST-03024;Ethan Botha;26;Consumer;Western Cape
CUST-03025;Kagiso Naidoo;27;Consumer;Gauteng
CUST-03026;Chloe Khumalo;46;Consumer;Western Cape
CUST-03027;Daniel Mthethwa;36;Consumer;Western Cape
CUST-03028;Naledi Botha;18;Corporate;Gauteng
CUST-03029;Ethan Mabena;29;Consumer;Gauteng
CUST-03030;Amahle Mokoena;49;Small Business;Gauteng
CUST-03031;Chloe Mthembu;45;Small Business;Gauteng
CUST-03032;Thabo Mthethwa;49;Consumer;Western Cape
CUST-03033;Lerato Ndlovu;18;Consumer;KwaZulu-Natal
CUST-03034;Aiden Mabena;22;Consumer;Gauteng
CUST-03035;Neo Mokoena;50;Small Business;Gauteng
CUST-03036;Daniel Pillay;33;Consumer;KwaZulu-Natal
CUST-03037;Daniel Dlamini;34;Consumer;Western Cape
CUST-03038;Liam Nkosi;36;Consumer;KwaZulu-Natal
CUST-03039;Thabo Mahlangu;33;Consumer;Gauteng
CUST-03040;Jason Dlamini;40;Consumer;Western Cape
CUST-03041;Lerato Sithole;40;Consumer;Western Cape
CUST-03042;Nandi Naidoo;35;Consumer;Gauteng
CUST-03043;Daniel Mahlangu;28;Small Business;Gauteng
CUST-03044;Thabo Nkosi;55;Consumer;Gauteng
CUST-03045;Thabo Mahlangu;32;Consumer;Western Cape
CUST-03046;Jason Nkosi;36;Small Business;Western Cape
CUST-03047;Thabo Jacobs;45;Consumer;Gauteng
CUST-03048;Chloe Mabena;50;Consumer;Western Cape
CUST-03049;Mia Nkosi;38;Consumer;Western Cape
CUST-03050;Thabo Ndlovu;23;Consumer;KwaZulu-Natal
CUST-03051;Mia Pretorius;34;Consumer;Limpopo
CUST-03052;Liam Khumalo;37;Consumer;Gauteng
CUST-03053;Daniel Naidoo;28;Consumer;KwaZulu-Natal
CUST-03054;Chloe Nkosi;45;Consumer;Limpopo
CUST-03055;Jason Pretorius;32;Small Business;Limpopo
CUST-03056;Chloe Mthethwa;41;Consumer;Gauteng
CUST-03057;Ethan Dlamini;51;Consumer;Gauteng
CUST-03058;Zanele Dlamini;32;Small Business;KwaZulu-Natal
CUST-03059;Leah Ndlovu;38;Consumer;Gauteng
CUST-03060;Neo Jacobs;57;Consumer;Gauteng
CUST-03061;Kayla Dlamini;42;Consumer;Gauteng
CUST-03062;Naledi Jacobs;50;Consumer;Gauteng
CUST-03063;Daniel Ndlovu;38;Consumer;Limpopo
CUST-03064;Neo Naidoo;37;Consumer;Free State
CUST-03065;Ethan Mthethwa;18;Consumer;Gauteng
CUST-03066;Amahle Pretorius;37;Consumer;Limpopo
CUST-03067;Jason Mthethwa;54;Corporate;Western Cape
CUST-03068;Ayesha Pretorius;26;Corporate;Gauteng
CUST-03069;Amahle Mokoena;29;Small Business;Western Cape
CUST-03070;Lerato Mahlangu;18;Small Business;Western Cape
CUST-03071;Zanele Molefe;50;Corporate;Gauteng
CUST-03072;Mia Mokoena;43;Consumer;Gauteng
CUST-03073;Thabo Mahlangu;39;Small Business;Western Cape
CUST-03074;Kagiso Pillay;27;Small Business;Gauteng
CUST-03075;Naledi Dlamini;34;Consumer;KwaZulu-Natal
CUST-03076;Amahle Williams;40;Consumer;Gauteng
CUST-03077;Neo Maseko;43;Consumer;KwaZulu-Natal
CUST-03078;Leah Jacobs;18;Consumer;Gauteng
CUST-03079;Mia Van Wyk;40;Consumer;Limpopo
CUST-03080;Ethan Mabena;29;Small Business;Gauteng
CUST-03081;Kayla Molefe;35;Small Business;Gauteng
CUST-03082;Kagiso Peters;34;Consumer;KwaZulu-Natal
CUST-03083;Ayesha Mokoena;67;Consumer;Gauteng
CUST-03084;Ayesha Mthethwa;34;Consumer;Gauteng
CUST-03085;Neo Jacobs;30;Consumer;Free State
CUST-03086;Kayla Mthembu;57;Small Business;KwaZulu-Natal
CUST-03087;Naledi Ndlovu;20;Consumer;Free State
CUST-03088;Lerato Khumalo;39;Small Business;Limpopo
CUST-03089;Daniel Mthembu;27;Small Business;Gauteng
CUST-03090;Jason Nkosi;47;Consumer;Gauteng
CUST-03091;Kayla Jacobs;37;Consumer;Free State
CUST-03092;Mpho Nkosi;48;Consumer;Gauteng
CUST-03093;Liam Mabena;50;Consumer;Western Cape
CUST-03094;Nandi Maseko;23;Small Business;Gauteng
CUST-03095;Lerato Khumalo;45;Corporate;Western Cape
CUST-03096;Amahle Mthethwa;55;Consumer;KwaZulu-Natal
CUST-03097;Chloe Mabena;52;Consumer;KwaZulu-Natal
CUST-03098;Jason Mthethwa;40;Corporate;Western Cape
CUST-03099;Thabo Mahlangu;37;Corporate;Western Cape
CUST-03100;Daniel Van Wyk;37;Small Business;Free State
CUST-03101;Chloe Mokoena;30;Consumer;Gauteng
CUST-03102;Sipho Sithole;39;Corporate;Gauteng
CUST-03103;Thabo Pillay;34;Consumer;Limpopo
CUST-03104;Ethan Jacobs;24;Consumer;Gauteng
CUST-03105;Thabo Molefe;25;Consumer;Western Cape
CUST-03106;Lerato Molefe;25;Consumer;Western Cape
CUST-03107;Daniel Peters;25;Consumer;Gauteng
CUST-03108;Naledi Ndlovu;36;Consumer;Western Cape
CUST-03109;Ayesha Molefe;32;Consumer;KwaZulu-Natal
CUST-03110;Chloe Mokoena;33;Consumer;KwaZulu-Natal
CUST-03111;Jason Williams;31;Consumer;Western Cape
CUST-03112;Nandi Naidoo;25;Consumer;Free State
CUST-03113;Liam Pillay;40;Consumer;Gauteng
CUST-03114;Kagiso Williams;24;Small Business;Free State
CUST-03115;Neo Mokoena;61;Consumer;KwaZulu-Natal
CUST-03116;Nandi Mthembu;31;Consumer;Gauteng
CUST-03117;Thabo Mahlangu;47;Consumer;KwaZulu-Natal
CUST-03118;Chloe Van Wyk;39;Small Business;Western Cape
CUST-03119;Naledi Pretorius;48;Consumer;Western Cape
CUST-03120;Zanele Pretorius;25;Consumer;Limpopo
CUST-03121;Nandi Mthethwa;36;Small Business;Western Cape
CUST-03122;Nandi Mthembu;47;Consumer;Free State
CUST-03123;Sipho Pretorius;33;Consumer;Limpopo
CUST-03124;Daniel Sithole;30;Consumer;Gauteng
CUST-03125;Aiden Mahlangu;45;Consumer;Free State
CUST-03126;Nandi Maseko;30;Small Business;Gauteng
CUST-03127;Thabo Molefe;34;Consumer;Limpopo
CUST-03128;Chloe Sithole;43;Consumer;Gauteng
CUST-03129;Aiden Mokoena;47;Consumer;Gauteng
CUST-03130;Leah Ndlovu;40;Consumer;Gauteng
CUST-03131;Amahle Mthethwa;24;Small Business;Gauteng
CUST-03132;Ethan Williams;52;Small Business;Western Cape
CUST-03133;Kagiso Mokoena;45;Consumer;Gauteng
CUST-03134;Aiden Ndlovu;24;Consumer;KwaZulu-Natal
CUST-03135;Kagiso Mthethwa;50;Consumer;Gauteng
CUST-03136;Naledi Mabena;36;Consumer;Western Cape
CUST-03137;Mia Mthembu;40;Small Business;KwaZulu-Natal
CUST-03138;Naledi Williams;25;Consumer;KwaZulu-Natal
CUST-03139;Chloe Molefe;18;Consumer;Gauteng
CUST-03140;Chloe Pillay;35;Consumer;Limpopo
CUST-03141;Jason Peters;49;Consumer;Gauteng
CUST-03142;Nandi Molefe;41;Consumer;KwaZulu-Natal
CUST-03143;Daniel Mthethwa;50;Consumer;KwaZulu-Natal
CUST-03144;Sipho Van Wyk;38;Consumer;Gauteng
CUST-03145;Zanele Ndlovu;45;Consumer;Gauteng
CUST-03146;Amahle Mahlangu;49;Consumer;Western Cape
CUST-03147;Thabo Williams;43;Consumer;Western Cape
CUST-03148;Zanele Mabena;29;Consumer;Gauteng
CUST-03149;Chloe Mabena;18;Small Business;KwaZulu-Natal
CUST-03150;Kagiso Khumalo;32;Small Business;Western Cape
CUST-03151;Nandi Mthethwa;26;Consumer;KwaZulu-Natal
CUST-03152;Ethan Mthethwa;54;Small Business;KwaZulu-Natal
CUST-03153;Amahle Ndlovu;43;Small Business;Gauteng
CUST-03154;Lerato Botha;34;Consumer;Western Cape
CUST-03155;Naledi Botha;33;Corporate;Gauteng
CUST-03156;Amahle Mahlangu;19;Consumer;KwaZulu-Natal
CUST-03157;Mpho Maseko;30;Consumer;Gauteng
CUST-03158;Mpho Sithole;51;Consumer;Gauteng
CUST-03159;Jason Naidoo;22;Corporate;Free State
CUST-03160;Mia Mahlangu;21;Corporate;KwaZulu-Natal
CUST-03161;Kagiso Mthethwa;36;Consumer;Western Cape
CUST-03162;Kayla Maseko;42;Small Business;KwaZulu-Natal
CUST-03163;Kagiso Mahlangu;33;Small Business;Gauteng
CUST-03164;Sipho Williams;44;Consumer;Gauteng
CUST-03165;Thabo Mabena;29;Consumer;Gauteng
CUST-03166;Jason Nkosi;31;Small Business;Western Cape
CUST-03167;Jason Naidoo;18;Consumer;Gauteng
CUST-03168;Lerato Sithole;29;Consumer;KwaZulu-Natal
CUST-03169;Jason Nkosi;45;Small Business;Limpopo
CUST-03170;Kayla Mthethwa;29;Consumer;Gauteng
CUST-03171;Nandi Pretorius;52;Consumer;Western Cape
CUST-03172;Ayesha Williams;42;Consumer;Gauteng
CUST-03173;Zanele Dlamini;45;Small Business;KwaZulu-Natal
CUST-03174;Ayesha Khumalo;47;Consumer;Western Cape
CUST-03175;Aiden Naidoo;27;Consumer;Western Cape
CUST-03176;Kagiso Van Wyk;40;Consumer;Gauteng
CUST-03177;Zanele Williams;43;Consumer;Gauteng
CUST-03178;Aiden Molefe;26;Consumer;Limpopo
CUST-03179;Zanele Pretorius;24;Consumer;Limpopo
CUST-03180;Nandi Ndlovu;35;Small Business;Gauteng
CUST-03181;Liam Ndlovu;29;Small Business;Western Cape
CUST-03182;Neo Mokoena;26;Consumer;Western Cape
CUST-03183;Jason Botha;29;Consumer;Free State
CUST-03184;Chloe Molefe;28;Consumer;Gauteng
CUST-03185;Ayesha Khumalo;33;Consumer;Western Cape
CUST-03186;Sipho Khumalo;32;Consumer;Western Cape
CUST-03187;Daniel Mthethwa;30;Consumer;Gauteng
CUST-03188;Kayla Van Wyk;25;Consumer;KwaZulu-Natal
CUST-03189;Naledi Pillay;37;Consumer;Gauteng
CUST-03190;Liam Williams;30;Consumer;Free State
CUST-03191;Neo Mthethwa;36;Consumer;Gauteng
CUST-03192;Neo Sithole;34;Consumer;Gauteng
CUST-03193;Zanele Peters;39;Consumer;KwaZulu-Natal
CUST-03194;Zanele Mthethwa;57;Consumer;Western Cape
CUST-03195;Amahle Botha;30;Consumer;KwaZulu-Natal
CUST-03196;Thabo Williams;51;Consumer;Limpopo
CUST-03197;Liam Mthethwa;22;Consumer;Gauteng
CUST-03198;Liam Mthethwa;19;Consumer;Limpopo
CUST-03199;Amahle Botha;32;Consumer;Gauteng
CUST-03200;Daniel Mokoena;64;Small Business;Gauteng
CUST-03201;Chloe Molefe;41;Consumer;Limpopo
CUST-03202;Kagiso Sithole;20;Small Business;Limpopo
CUST-03203;Leah Mthembu;39;Consumer;Gauteng
CUST-03204;Jason Sithole;27;Consumer;Limpopo
CUST-03205;Naledi Van Wyk;34;Consumer;Western Cape
CUST-03206;Daniel Pretorius;39;Small Business;Free State
CUST-03207;Ethan Pretorius;41;Small Business;Western Cape
CUST-03208;Kagiso Peters;47;Consumer;Free State
CUST-03209;Kagiso Nkosi;54;Small Business;Gauteng
CUST-03210;Leah Mokoena;41;Consumer;KwaZulu-Natal
CUST-03211;Mia Mahlangu;54;Consumer;Gauteng
CUST-03212;Nandi Williams;43;Consumer;KwaZulu-Natal
CUST-03213;Daniel Maseko;34;Consumer;Gauteng
CUST-03214;Kagiso Jacobs;27;Consumer;Limpopo
CUST-03215;Chloe Pretorius;42;Consumer;Western Cape
CUST-03216;Kayla Mthethwa;21;Consumer;Western Cape
CUST-03217;Amahle Dlamini;49;Consumer;Western Cape
CUST-03218;Kayla Naidoo;54;Consumer;Western Cape
CUST-03219;Thabo Mthethwa;41;Small Business;KwaZulu-Natal
CUST-03220;Kayla Mabena;36;Consumer;KwaZulu-Natal
CUST-03221;Kagiso Khumalo;42;Consumer;KwaZulu-Natal
CUST-03222;Mia Naidoo;42;Consumer;Western Cape
CUST-03223;Kayla Pillay;42;Consumer;Western Cape
CUST-03224;Aiden Nkosi;27;Consumer;Gauteng
CUST-03225;Naledi Williams;31;Consumer;Western Cape
CUST-03226;Kayla Mabena;23;Consumer;Gauteng
CUST-03227;Chloe Khumalo;33;Consumer;Gauteng
CUST-03228;Jason Botha;41;Consumer;Free State
CUST-03229;Kagiso Sithole;28;Consumer;Western Cape
CUST-03230;Mia Mahlangu;30;Consumer;Gauteng
CUST-03231;Ayesha Sithole;21;Small Business;Western Cape
CUST-03232;Kagiso Ndlovu;27;Consumer;Gauteng
CUST-03233;Liam Naidoo;37;Consumer;Free State
CUST-03234;Daniel Peters;30;Consumer;Western Cape
CUST-03235;Aiden Pretorius;32;Consumer;Free State
CUST-03236;Ayesha Nkosi;38;Consumer;Gauteng
CUST-03237;Kayla Jacobs;22;Consumer;KwaZulu-Natal
CUST-03238;Chloe Mokoena;41;Consumer;Gauteng
CUST-03239;Daniel Nkosi;47;Consumer;Western Cape
CUST-03240;Mpho Molefe;18;Consumer;Gauteng
CUST-03241;Amahle Maseko;35;Small Business;Western Cape
CUST-03242;Mia Ndlovu;18;Consumer;Limpopo
CUST-03243;Daniel Maseko;41;Consumer;Limpopo
CUST-03244;Thabo Khumalo;18;Consumer;Gauteng
CUST-03245;Naledi Pretorius;35;Consumer;Free State
CUST-03246;Leah Dlamini;47;Small Business;KwaZulu-Natal
CUST-03247;Leah Peters;43;Small Business;Gauteng
CUST-03248;Sipho Ndlovu;24;Corporate;KwaZulu-Natal
CUST-03249;Naledi Molefe;25;Consumer;Gauteng
CUST-03250;Sipho Van Wyk;52;Consumer;Western Cape
CUST-03251;Kayla Dlamini;26;Small Business;Gauteng
CUST-03252;Kayla Mthethwa;21;Consumer;Gauteng
CUST-03253;Mia Van Wyk;53;Consumer;Western Cape
CUST-03254;Mia Van Wyk;47;Consumer;Limpopo
CUST-03255;Lerato Botha;48;Consumer;Free State
CUST-03256;Neo Pillay;50;Small Business;Limpopo
CUST-03257;Nandi Ndlovu;41;Consumer;Gauteng
CUST-03258;Sipho Mokoena;48;Small Business;KwaZulu-Natal
CUST-03259;Chloe Mthembu;29;Consumer;Gauteng
CUST-03260;Naledi Pillay;34;Consumer;Western Cape
CUST-03261;Neo Pillay;40;Consumer;Western Cape
CUST-03262;Kayla Khumalo;49;Consumer;Western Cape
CUST-03263;Lerato Mahlangu;41;Corporate;Gauteng
CUST-03264;Aiden Ndlovu;24;Small Business;KwaZulu-Natal
CUST-03265;Kagiso Khumalo;40;Small Business;Gauteng
CUST-03266;Ethan Mthembu;18;Consumer;Free State
CUST-03267;Liam Sithole;40;Small Business;Free State
CUST-03268;Mpho Mthembu;30;Corporate;Western Cape
CUST-03269;Mpho Molefe;21;Small Business;Gauteng
CUST-03270;Aiden Mabena;26;Consumer;Western Cape
CUST-03271;Mia Mokoena;39;Small Business;Gauteng
CUST-03272;Amahle Ndlovu;47;Consumer;Western Cape
CUST-03273;Daniel Williams;26;Consumer;Gauteng
CUST-03274;Mpho Mokoena;21;Consumer;Western Cape
CUST-03275;Jason Nkosi;23;Consumer;Gauteng
CUST-03276;Zanele Naidoo;20;Corporate;KwaZulu-Natal
CUST-03277;Kayla Mahlangu;45;Consumer;Western Cape
CUST-03278;Lerato Molefe;34;Consumer;Free State
CUST-03279;Ayesha Mabena;25;Consumer;Gauteng
CUST-03280;Kayla Mthembu;26;Consumer;Western Cape
CUST-03281;Nandi Mthembu;39;Small Business;Western Cape
CUST-03282;Daniel Mahlangu;35;Consumer;Western Cape
CUST-03283;Liam Ndlovu;26;Corporate;Western Cape
CUST-03284;Chloe Botha;48;Small Business;Gauteng
CUST-03285;Ayesha Naidoo;29;Consumer;Western Cape
CUST-03286;Liam Dlamini;18;Small Business;Gauteng
CUST-03287;Mia Pretorius;36;Consumer;Western Cape
CUST-03288;Aiden Naidoo;18;Consumer;Western Cape
CUST-03289;Naledi Mthembu;26;Consumer;Gauteng
CUST-03290;Kayla Naidoo;44;Consumer;KwaZulu-Natal
CUST-03291;Ayesha Nkosi;18;Small Business;Western Cape
CUST-03292;Jason Khumalo;47;Small Business;Gauteng
CUST-03293;Ethan Ndlovu;25;Consumer;Limpopo
CUST-03294;Jason Mthethwa;28;Small Business;KwaZulu-Natal
CUST-03295;Zanele Naidoo;38;Consumer;Free State
CUST-03296;Mia Jacobs;44;Consumer;KwaZulu-Natal
CUST-03297;Mia Botha;27;Consumer;Gauteng
CUST-03298;Neo Williams;44;Consumer;Western Cape
CUST-03299;Aiden Mokoena;29;Corporate;Gauteng
CUST-03300;Neo Maseko;18;Consumer;Western Cape
CUST-03301;Zanele Pillay;44;Consumer;Western Cape
CUST-03302;Ayesha Molefe;46;Consumer;Gauteng
CUST-03303;Mpho Mthethwa;27;Consumer;Free State
CUST-03304;Chloe Mthethwa;39;Consumer;Free State
CUST-03305;Liam Khumalo;35;Consumer;KwaZulu-Natal
CUST-03306;Daniel Dlamini;37;Small Business;Western Cape
CUST-03307;Chloe Ndlovu;18;Consumer;Gauteng
CUST-03308;Mia Mthembu;31;Consumer;Gauteng
CUST-03309;Thabo Pillay;30;Small Business;KwaZulu-Natal
CUST-03310;Amahle Van Wyk;33;Consumer;Gauteng
CUST-03311;Sipho Sithole;21;Small Business;KwaZulu-Natal
CUST-03312;Mia Jacobs;39;Consumer;Limpopo
CUST-03313;Aiden Naidoo;30;Consumer;Gauteng
CUST-03314;Aiden Botha;33;Consumer;Gauteng
CUST-03315;Lerato Peters;49;Consumer;Western Cape
CUST-03316;Leah Naidoo;47;Small Business;KwaZulu-Natal
CUST-03317;Kagiso Nkosi;44;Consumer;KwaZulu-Natal
CUST-03318;Mpho Jacobs;46;Consumer;KwaZulu-Natal
CUST-03319;Jason Botha;24;Small Business;Gauteng
CUST-03320;Zanele Jacobs;41;Consumer;Gauteng
CUST-03321;Mia Sithole;57;Small Business;Western Cape
CUST-03322;Naledi Williams;32;Consumer;Gauteng
CUST-03323;Mia Mokoena;26;Consumer;Western Cape
CUST-03324;Sipho Pillay;23;Small Business;Western Cape
CUST-03325;Naledi Mthembu;34;Small Business;Western Cape
CUST-03326;Nandi Nkosi;37;Small Business;Gauteng
CUST-03327;Aiden Khumalo;37;Consumer;Limpopo
CUST-03328;Ayesha Mthethwa;40;Consumer;Gauteng
CUST-03329;Sipho Pillay;42;Consumer;Limpopo
CUST-03330;Amahle Mokoena;46;Consumer;Western Cape
CUST-03331;Liam Khumalo;38;Consumer;Limpopo
CUST-03332;Aiden Mabena;35;Consumer;Western Cape
CUST-03333;Aiden Williams;39;Small Business;Western Cape
CUST-03334;Sipho Botha;35;Consumer;Gauteng
CUST-03335;Amahle Botha;38;Consumer;Gauteng
CUST-03336;Kayla Sithole;51;Consumer;Gauteng
CUST-03337;Kagiso Jacobs;25;Consumer;Gauteng
CUST-03338;Nandi Mthembu;36;Consumer;Western Cape
CUST-03339;Ethan Mthembu;65;Consumer;Gauteng
CUST-03340;Kagiso Peters;28;Consumer;Western Cape
CUST-03341;Kagiso Williams;31;Consumer;Gauteng
CUST-03342;Jason Mabena;18;Consumer;KwaZulu-Natal
CUST-03343;Liam Van Wyk;35;Consumer;Gauteng
CUST-03344;Aiden Mthembu;46;Consumer;Gauteng
CUST-03345;Thabo Sithole;45;Consumer;KwaZulu-Natal
CUST-03346;Mpho Pretorius;42;Consumer;Gauteng
CUST-03347;Ethan Mabena;36;Corporate;Free State
CUST-03348;Daniel Williams;55;Consumer;Gauteng
CUST-03349;Kagiso Mokoena;43;Consumer;Gauteng
CUST-03350;Ayesha Sithole;44;Consumer;KwaZulu-Natal
CUST-03351;Aiden Pillay;25;Consumer;Western Cape
CUST-03352;Lerato Ndlovu;47;Consumer;Western Cape
CUST-03353;Liam Molefe;31;Corporate;Limpopo
CUST-03354;Thabo Mthembu;24;Consumer;Free State
CUST-03355;Sipho Mokoena;54;Small Business;Western Cape
CUST-03356;Kayla Pretorius;47;Consumer;Gauteng
CUST-03357;Aiden Mthembu;22;Consumer;KwaZulu-Natal
CUST-03358;Naledi Mthembu;50;Consumer;Gauteng
CUST-03359;Kagiso Peters;18;Consumer;Western Cape
CUST-03360;Zanele Nkosi;32;Small Business;KwaZulu-Natal
CUST-03361;Ethan Mthembu;18;Small Business;Gauteng
CUST-03362;Liam Mthembu;42;Consumer;Free State
CUST-03363;Chloe Naidoo;30;Consumer;Western Cape
CUST-03364;Naledi Pillay;44;Consumer;Limpopo
CUST-03365;Amahle Naidoo;51;Consumer;Western Cape
CUST-03366;Liam Sithole;47;Consumer;KwaZulu-Natal
CUST-03367;Mpho Botha;30;Corporate;Gauteng
CUST-03368;Liam Williams;41;Consumer;Western Cape
CUST-03369;Leah Williams;57;Consumer;KwaZulu-Natal
CUST-03370;Amahle Mabena;40;Consumer;Gauteng
CUST-03371;Ethan Williams;20;Small Business;Western Cape
CUST-03372;Ayesha Pretorius;31;Consumer;KwaZulu-Natal
CUST-03373;Lerato Williams;30;Small Business;Western Cape
CUST-03374;Mia Mahlangu;29;Consumer;Western Cape
CUST-03375;Leah Jacobs;37;Consumer;Limpopo
CUST-03376;Chloe Mthembu;50;Small Business;Gauteng
CUST-03377;Naledi Khumalo;41;Consumer;KwaZulu-Natal
CUST-03378;Chloe Peters;22;Consumer;KwaZulu-Natal
CUST-03379;Aiden Mahlangu;37;Consumer;Gauteng
CUST-03380;Neo Williams;18;Consumer;KwaZulu-Natal
CUST-03381;Chloe Pretorius;43;Consumer;Free State
CUST-03382;Kayla Pillay;51;Small Business;Gauteng
CUST-03383;Mpho Mahlangu;41;Consumer;Free State
CUST-03384;Naledi Naidoo;39;Consumer;Western Cape
CUST-03385;Lerato Ndlovu;39;Consumer;Western Cape
CUST-03386;Mia Van Wyk;44;Consumer;Gauteng
CUST-03387;Mia Van Wyk;50;Consumer;Gauteng
CUST-03388;Jason Pretorius;35;Consumer;KwaZulu-Natal
CUST-03389;Jason Williams;51;Small Business;Gauteng
CUST-03390;Sipho Van Wyk;18;Consumer;Western Cape
CUST-03391;Ayesha Pillay;39;Consumer;KwaZulu-Natal
CUST-03392;Amahle Mokoena;36;Consumer;Western Cape
CUST-03393;Mpho Mthethwa;30;Consumer;Limpopo
CUST-03394;Kayla Mabena;33;Small Business;KwaZulu-Natal
CUST-03395;Ethan Mabena;44;Consumer;Western Cape
CUST-03396;Sipho Mthembu;37;Consumer;Western Cape
CUST-03397;Chloe Mahlangu;32;Consumer;Free State
CUST-03398;Ayesha Williams;35;Corporate;Gauteng
CUST-03399;Thabo Sithole;35;Small Business;KwaZulu-Natal
CUST-03400;Aiden Jacobs;37;Consumer;Western Cape
CUST-03401;Liam Sithole;51;Small Business;Gauteng
CUST-03402;Lerato Nkosi;18;Small Business;Free State
CUST-03403;Kagiso Pillay;30;Small Business;Gauteng
CUST-03404;Ethan Peters;58;Consumer;Gauteng
CUST-03405;Nandi Pretorius;34;Small Business;Western Cape
CUST-03406;Aiden Jacobs;41;Small Business;Western Cape
CUST-03407;Liam Mthembu;41;Consumer;KwaZulu-Natal
CUST-03408;Nandi Mthembu;28;Small Business;Gauteng
CUST-03409;Lerato Van Wyk;18;Small Business;Gauteng
CUST-03410;Lerato Sithole;26;Consumer;Western Cape
CUST-03411;Ayesha Van Wyk;38;Consumer;Gauteng
CUST-03412;Kagiso Jacobs;35;Consumer;Free State
CUST-03413;Aiden Pretorius;34;Consumer;Limpopo
CUST-03414;Jason Williams;40;Consumer;Gauteng
CUST-03415;Zanele Maseko;42;Consumer;Free State
CUST-03416;Ayesha Ndlovu;39;Consumer;Limpopo
CUST-03417;Kagiso Pretorius;34;Consumer;Limpopo
CUST-03418;Kagiso Botha;26;Consumer;Gauteng
CUST-03419;Kagiso Pretorius;31;Small Business;KwaZulu-Natal
CUST-03420;Ayesha Pretorius;29;Consumer;Western Cape
CUST-03421;Thabo Williams;28;Consumer;Gauteng
CUST-03422;Zanele Mthethwa;46;Small Business;Gauteng
CUST-03423;Thabo Ndlovu;45;Consumer;Gauteng
CUST-03424;Amahle Molefe;32;Small Business;KwaZulu-Natal
CUST-03425;Liam Williams;36;Consumer;Gauteng
CUST-03426;Chloe Pillay;32;Consumer;KwaZulu-Natal
CUST-03427;Daniel Pretorius;40;Small Business;KwaZulu-Natal
CUST-03428;Jason Williams;49;Consumer;Free State
CUST-03429;Jason Pretorius;39;Consumer;Gauteng
CUST-03430;Amahle Naidoo;33;Consumer;Free State
CUST-03431;Chloe Botha;31;Consumer;KwaZulu-Natal
CUST-03432;Sipho Naidoo;43;Consumer;Gauteng
CUST-03433;Naledi Pillay;41;Small Business;Western Cape
CUST-03434;Daniel Van Wyk;49;Consumer;KwaZulu-Natal
CUST-03435;Mpho Peters;56;Consumer;Gauteng
CUST-03436;Chloe Van Wyk;26;Consumer;Gauteng
CUST-03437;Sipho Mahlangu;43;Small Business;Gauteng
CUST-03438;Mpho Molefe;20;Consumer;KwaZulu-Natal
CUST-03439;Ethan Mabena;31;Small Business;Gauteng
CUST-03440;Chloe Mahlangu;31;Consumer;Gauteng
CUST-03441;Chloe Mahlangu;18;Consumer;Limpopo
CUST-03442;Naledi Pillay;51;Consumer;Western Cape
CUST-03443;Ayesha Maseko;37;Consumer;KwaZulu-Natal
CUST-03444;Zanele Molefe;21;Consumer;Western Cape
CUST-03445;Kayla Pillay;43;Consumer;Western Cape
CUST-03446;Amahle Ndlovu;38;Consumer;KwaZulu-Natal
CUST-03447;Leah Molefe;27;Consumer;Gauteng
CUST-03448;Nandi Mahlangu;30;Small Business;KwaZulu-Natal
CUST-03449;Zanele Mthembu;33;Consumer;Gauteng
CUST-03450;Thabo Mabena;39;Small Business;KwaZulu-Natal
CUST-03451;Leah Peters;26;Consumer;Western Cape
CUST-03452;Chloe Nkosi;37;Small Business;Western Cape
CUST-03453;Mpho Van Wyk;25;Small Business;Limpopo
CUST-03454;Zanele Naidoo;21;Small Business;Gauteng
CUST-03455;Leah Mahlangu;42;Consumer;Western Cape
CUST-03456;Nandi Botha;38;Small Business;KwaZulu-Natal
CUST-03457;Mia Botha;49;Consumer;Gauteng
CUST-03458;Kagiso Ndlovu;29;Small Business;Free State
CUST-03459;Ayesha Ndlovu;43;Consumer;KwaZulu-Natal
CUST-03460;Ethan Khumalo;29;Consumer;Western Cape
CUST-03461;Mpho Williams;36;Small Business;Limpopo
CUST-03462;Neo Van Wyk;18;Consumer;Free State
CUST-03463;Aiden Botha;39;Consumer;Limpopo
CUST-03464;Mpho Nkosi;25;Consumer;Western Cape
CUST-03465;Amahle Nkosi;25;Consumer;Gauteng
CUST-03466;Ethan Mahlangu;33;Small Business;Gauteng
CUST-03467;Sipho Naidoo;27;Consumer;KwaZulu-Natal
CUST-03468;Chloe Jacobs;35;Small Business;Gauteng
CUST-03469;Daniel Botha;37;Consumer;Gauteng
CUST-03470;Mia Maseko;31;Small Business;Free State
CUST-03471;Naledi Sithole;24;Consumer;Western Cape
CUST-03472;Ayesha Williams;25;Small Business;Western Cape
CUST-03473;Sipho Mthethwa;26;Consumer;Gauteng
CUST-03474;Liam Mahlangu;49;Corporate;Western Cape
CUST-03475;Ayesha Peters;42;Small Business;Gauteng
CUST-03476;Kayla Nkosi;35;Consumer;Western Cape
CUST-03477;Zanele Ndlovu;43;Consumer;KwaZulu-Natal
CUST-03478;Naledi Mthembu;28;Consumer;Western Cape
CUST-03479;Aiden Pretorius;36;Corporate;Gauteng
CUST-03480;Neo Ndlovu;29;Small Business;Gauteng
CUST-03481;Liam Molefe;33;Consumer;Gauteng
CUST-03482;Mia Williams;47;Corporate;Limpopo
CUST-03483;Mpho Nkosi;31;Small Business;Free State
CUST-03484;Aiden Pillay;46;Consumer;Limpopo
CUST-03485;Ethan Mabena;39;Consumer;Gauteng
CUST-03486;Jason Peters;31;Consumer;Gauteng
CUST-03487;Aiden Jacobs;26;Consumer;Gauteng
CUST-03488;Amahle Nkosi;57;Consumer;Gauteng
CUST-03489;Kagiso Dlamini;26;Consumer;Gauteng
CUST-03490;Ethan Sithole;37;Consumer;Western Cape
CUST-03491;Liam Williams;45;Small Business;KwaZulu-Natal
CUST-03492;Daniel Pretorius;33;Consumer;Free State
CUST-03493;Ethan Ndlovu;31;Consumer;Gauteng
CUST-03494;Kagiso Maseko;46;Consumer;KwaZulu-Natal
CUST-03495;Jason Sithole;42;Consumer;Western Cape
CUST-03496;Mpho Botha;22;Consumer;KwaZulu-Natal
CUST-03497;Aiden Nkosi;23;Small Business;Limpopo
CUST-03498;Naledi Van Wyk;54;Consumer;Western Cape
CUST-03499;Naledi Naidoo;30;Consumer;Gauteng
CUST-03500;Aiden Naidoo;18;Consumer;Free State
CUST-03501;Chloe Maseko;52;Small Business;Western Cape
CUST-03502;Ayesha Nkosi;27;Consumer;Free State
CUST-03503;Thabo Sithole;37;Consumer;Gauteng
CUST-03504;Neo Jacobs;28;Small Business;Western Cape
CUST-03505;Kagiso Mokoena;29;Consumer;Gauteng
CUST-03506;Zanele Williams;53;Consumer;Western Cape
CUST-03507;Leah Botha;39;Corporate;Western Cape
CUST-03508;Daniel Molefe;32;Small Business;Limpopo
CUST-03509;Sipho Peters;42;Consumer;Free State
CUST-03510;Ayesha Van Wyk;43;Consumer;Limpopo
CUST-03511;Mia Molefe;48;Consumer;Free State
CUST-03512;Daniel Mahlangu;41;Small Business;Western Cape
CUST-03513;Amahle Peters;39;Corporate;Gauteng
CUST-03514;Ethan Sithole;34;Consumer;Free State
CUST-03515;Neo Peters;43;Consumer;Free State
CUST-03516;Naledi Pretorius;45;Consumer;KwaZulu-Natal
CUST-03517;Leah Nkosi;41;Consumer;Western Cape
CUST-03518;Amahle Van Wyk;24;Consumer;Free State
CUST-03519;Lerato Pretorius;36;Consumer;Free State
CUST-03520;Kagiso Ndlovu;37;Consumer;Western Cape
CUST-03521;Mia Mthembu;35;Corporate;Gauteng
CUST-03522;Sipho Ndlovu;48;Consumer;Gauteng
CUST-03523;Mpho Williams;35;Consumer;Gauteng
CUST-03524;Mpho Mokoena;61;Consumer;Western Cape
CUST-03525;Naledi Maseko;37;Consumer;Gauteng
CUST-03526;Leah Mahlangu;37;Small Business;Gauteng
CUST-03527;Mpho Sithole;53;Consumer;Western Cape
CUST-03528;Nandi Sithole;36;Consumer;Western Cape
CUST-03529;Daniel Peters;41;Consumer;Gauteng
CUST-03530;Kayla Jacobs;49;Small Business;Western Cape
CUST-03531;Sipho Botha;52;Consumer;Gauteng
CUST-03532;Thabo Williams;35;Consumer;Free State
CUST-03533;Thabo Jacobs;27;Consumer;Western Cape
CUST-03534;Leah Mokoena;27;Corporate;KwaZulu-Natal
CUST-03535;Kayla Naidoo;41;Corporate;Gauteng
CUST-03536;Mpho Naidoo;24;Consumer;Western Cape
CUST-03537;Aiden Naidoo;47;Consumer;Western Cape
CUST-03538;Nandi Nkosi;55;Consumer;KwaZulu-Natal
CUST-03539;Kayla Jacobs;48;Consumer;Western Cape
CUST-03540;Mpho Mabena;29;Consumer;Western Cape
CUST-03541;Jason Sithole;18;Corporate;Gauteng
CUST-03542;Daniel Pretorius;46;Small Business;Gauteng
CUST-03543;Chloe Sithole;18;Consumer;Gauteng
CUST-03544;Daniel Mabena;45;Consumer;Gauteng
CUST-03545;Jason Pillay;36;Consumer;Limpopo
CUST-03546;Leah Pretorius;39;Consumer;Western Cape
CUST-03547;Lerato Botha;47;Consumer;KwaZulu-Natal
CUST-03548;Lerato Naidoo;40;Consumer;Gauteng
CUST-03549;Ayesha Van Wyk;34;Consumer;KwaZulu-Natal
CUST-03550;Zanele Botha;18;Consumer;Limpopo
CUST-03551;Neo Nkosi;45;Consumer;Gauteng
CUST-03552;Neo Mthethwa;36;Consumer;Gauteng
CUST-03553;Chloe Mthembu;34;Small Business;KwaZulu-Natal
CUST-03554;Sipho Pillay;35;Consumer;Gauteng
CUST-03555;Kagiso Naidoo;41;Consumer;Gauteng
CUST-03556;Ethan Peters;32;Corporate;Gauteng
CUST-03557;Mpho Mthethwa;30;Consumer;Western Cape
CUST-03558;Amahle Pillay;31;Consumer;Gauteng
CUST-03559;Thabo Pillay;18;Consumer;Gauteng
CUST-03560;Sipho Pillay;37;Consumer;Western Cape
CUST-03561;Sipho Mahlangu;48;Small Business;Free State
CUST-03562;Liam Mabena;31;Consumer;Gauteng
CUST-03563;Zanele Pillay;30;Consumer;Western Cape
CUST-03564;Lerato Mabena;32;Consumer;Western Cape
CUST-03565;Mpho Jacobs;48;Small Business;Western Cape
CUST-03566;Ethan Jacobs;23;Small Business;Gauteng
CUST-03567;Chloe Mokoena;34;Consumer;Gauteng
CUST-03568;Jason Van Wyk;36;Consumer;Gauteng
CUST-03569;Ayesha Botha;32;Consumer;Free State
CUST-03570;Kayla Maseko;27;Small Business;Western Cape
CUST-03571;Neo Williams;35;Consumer;Gauteng
CUST-03572;Chloe Peters;52;Consumer;KwaZulu-Natal
CUST-03573;Aiden Molefe;39;Small Business;Gauteng
CUST-03574;Naledi Naidoo;21;Consumer;Gauteng
CUST-03575;Liam Naidoo;35;Small Business;Western Cape
CUST-03576;Lerato Mabena;41;Consumer;Western Cape
CUST-03577;Liam Mthethwa;24;Consumer;Western Cape
CUST-03578;Neo Pillay;49;Consumer;Gauteng
CUST-03579;Chloe Mthembu;44;Consumer;KwaZulu-Natal
CUST-03580;Ayesha Mthembu;57;Consumer;Limpopo
CUST-03581;Kayla Nkosi;47;Consumer;Gauteng
CUST-03582;Amahle Mthethwa;24;Small Business;Free State
CUST-03583;Kagiso Khumalo;35;Consumer;KwaZulu-Natal
CUST-03584;Kagiso Mokoena;32;Consumer;Western Cape
CUST-03585;Aiden Williams;35;Corporate;KwaZulu-Natal
CUST-03586;Mia Williams;46;Small Business;Limpopo
CUST-03587;Jason Van Wyk;35;Small Business;KwaZulu-Natal
CUST-03588;Nandi Mokoena;30;Consumer;KwaZulu-Natal
CUST-03589;Zanele Dlamini;32;Consumer;Gauteng
CUST-03590;Thabo Mthethwa;40;Consumer;Gauteng
CUST-03591;Leah Williams;42;Consumer;Gauteng
CUST-03592;Zanele Khumalo;29;Consumer;Western Cape
CUST-03593;Lerato Dlamini;30;Consumer;Western Cape
CUST-03594;Nandi Botha;41;Consumer;Gauteng
CUST-03595;Lerato Molefe;29;Consumer;KwaZulu-Natal
CUST-03596;Ethan Khumalo;30;Consumer;Limpopo
CUST-03597;Ethan Khumalo;56;Consumer;Limpopo
CUST-03598;Amahle Dlamini;28;Consumer;Gauteng
CUST-03599;Kagiso Botha;29;Consumer;KwaZulu-Natal
CUST-03600;Thabo Mahlangu;33;Consumer;Gauteng
CUST-03601;Ethan Mahlangu;42;Consumer;Gauteng
CUST-03602;Lerato Mthembu;41;Small Business;Gauteng
CUST-03603;Aiden Naidoo;35;Consumer;Gauteng
CUST-03604;Jason Pillay;31;Small Business;Gauteng
CUST-03605;Aiden Pretorius;27;Consumer;Limpopo
CUST-03606;Lerato Pillay;32;Consumer;Free State
CUST-03607;Nandi Dlamini;46;Consumer;Free State
CUST-03608;Liam Williams;31;Small Business;Gauteng
CUST-03609;Ayesha Peters;34;Consumer;Gauteng
CUST-03610;Leah Ndlovu;53;Consumer;Western Cape
CUST-03611;Mpho Pillay;33;Consumer;Gauteng
CUST-03612;Kagiso Jacobs;37;Small Business;KwaZulu-Natal
CUST-03613;Liam Sithole;31;Corporate;Western Cape
CUST-03614;Chloe Mabena;38;Consumer;Free State
CUST-03615;Amahle Khumalo;20;Small Business;Free State
CUST-03616;Ayesha Ndlovu;24;Consumer;KwaZulu-Natal
CUST-03617;Ethan Nkosi;24;Consumer;Limpopo
CUST-03618;Mpho Peters;29;Consumer;KwaZulu-Natal
CUST-03619;Ethan Mabena;32;Small Business;Gauteng
CUST-03620;Aiden Sithole;35;Consumer;Gauteng
CUST-03621;Ethan Peters;18;Corporate;Limpopo
CUST-03622;Mpho Pillay;32;Consumer;Western Cape
CUST-03623;Mpho Molefe;45;Consumer;Gauteng
CUST-03624;Thabo Mthembu;27;Consumer;KwaZulu-Natal
CUST-03625;Mpho Nkosi;62;Consumer;Gauteng
CUST-03626;Ayesha Naidoo;22;Small Business;Limpopo
CUST-03627;Mpho Khumalo;46;Consumer;Gauteng
CUST-03628;Zanele Mokoena;48;Consumer;KwaZulu-Natal
CUST-03629;Kayla Williams;21;Consumer;Gauteng
CUST-03630;Leah Maseko;18;Consumer;Gauteng
CUST-03631;Mpho Mthembu;50;Small Business;Western Cape
CUST-03632;Thabo Nkosi;32;Consumer;Western Cape
CUST-03633;Amahle Sithole;22;Consumer;KwaZulu-Natal
CUST-03634;Thabo Williams;44;Consumer;Western Cape
CUST-03635;Zanele Maseko;38;Small Business;KwaZulu-Natal
CUST-03636;Jason Jacobs;29;Consumer;Limpopo
CUST-03637;Mia Mthethwa;24;Consumer;Western Cape
CUST-03638;Naledi Mokoena;27;Consumer;Gauteng
CUST-03639;Kayla Peters;25;Consumer;Western Cape
CUST-03640;Daniel Mahlangu;44;Small Business;KwaZulu-Natal
CUST-03641;Lerato Williams;43;Consumer;KwaZulu-Natal
CUST-03642;Nandi Ndlovu;28;Consumer;Gauteng
CUST-03643;Aiden Ndlovu;53;Corporate;Western Cape
CUST-03644;Leah Williams;26;Consumer;Gauteng
CUST-03645;Mia Sithole;41;Consumer;KwaZulu-Natal
CUST-03646;Nandi Pillay;34;Small Business;Western Cape
CUST-03647;Liam Mokoena;43;Consumer;Gauteng
CUST-03648;Ethan Dlamini;23;Consumer;Free State
CUST-03649;Thabo Mabena;27;Corporate;Free State
CUST-03650;Kayla Van Wyk;38;Consumer;KwaZulu-Natal
CUST-03651;Amahle Van Wyk;25;Consumer;Gauteng
CUST-03652;Neo Mabena;44;Consumer;Gauteng
CUST-03653;Liam Mahlangu;40;Consumer;KwaZulu-Natal
CUST-03654;Aiden Williams;22;Consumer;Free State
CUST-03655;Leah Pretorius;33;Small Business;Gauteng
CUST-03656;Amahle Pillay;34;Consumer;Gauteng
CUST-03657;Leah Mahlangu;36;Small Business;Western Cape
CUST-03658;Mia Mabena;33;Consumer;Western Cape
CUST-03659;Ayesha Mokoena;25;Consumer;Gauteng
CUST-03660;Zanele Peters;52;Consumer;Free State
CUST-03661;Kayla Dlamini;45;Small Business;Limpopo
CUST-03662;Ethan Ndlovu;19;Small Business;Gauteng
CUST-03663;Daniel Nkosi;33;Small Business;Gauteng
CUST-03664;Nandi Dlamini;48;Consumer;Gauteng
CUST-03665;Aiden Jacobs;57;Consumer;KwaZulu-Natal
CUST-03666;Mia Dlamini;46;Corporate;Gauteng
CUST-03667;Liam Khumalo;35;Consumer;Gauteng
CUST-03668;Jason Khumalo;45;Corporate;Gauteng
CUST-03669;Ayesha Pretorius;44;Small Business;Gauteng
CUST-03670;Kagiso Ndlovu;19;Consumer;KwaZulu-Natal
CUST-03671;Jason Maseko;40;Consumer;Western Cape
CUST-03672;Aiden Khumalo;38;Consumer;Western Cape
CUST-03673;Kayla Pillay;35;Consumer;Western Cape
CUST-03674;Sipho Naidoo;33;Consumer;Gauteng
CUST-03675;Ayesha Molefe;28;Consumer;Gauteng
CUST-03676;Kagiso Botha;49;Small Business;Gauteng
CUST-03677;Mpho Mokoena;30;Consumer;Western Cape
CUST-03678;Jason Mthethwa;21;Small Business;Gauteng
CUST-03679;Daniel Maseko;34;Consumer;Gauteng
CUST-03680;Naledi Mabena;51;Small Business;Gauteng
CUST-03681;Ayesha Mabena;32;Consumer;Free State
CUST-03682;Neo Pillay;39;Consumer;Gauteng
CUST-03683;Neo Maseko;33;Consumer;Gauteng
CUST-03684;Zanele Maseko;43;Consumer;Gauteng
CUST-03685;Lerato Maseko;41;Small Business;KwaZulu-Natal
CUST-03686;Lerato Dlamini;18;Consumer;Gauteng
CUST-03687;Kagiso Khumalo;39;Consumer;Gauteng
CUST-03688;Ayesha Peters;23;Consumer;Gauteng
CUST-03689;Naledi Mthethwa;21;Consumer;Limpopo
CUST-03690;Thabo Nkosi;36;Consumer;Gauteng
CUST-03691;Kayla Nkosi;33;Corporate;KwaZulu-Natal
CUST-03692;Naledi Molefe;21;Consumer;Western Cape
CUST-03693;Kagiso Mahlangu;38;Consumer;Gauteng
CUST-03694;Amahle Pretorius;44;Small Business;Western Cape
CUST-03695;Aiden Khumalo;38;Consumer;Gauteng
CUST-03696;Lerato Sithole;33;Consumer;Gauteng
CUST-03697;Lerato Mahlangu;35;Small Business;KwaZulu-Natal
CUST-03698;Lerato Mthethwa;29;Consumer;Western Cape
CUST-03699;Jason Nkosi;23;Consumer;Western Cape
CUST-03700;Zanele Pretorius;39;Consumer;Western Cape
CUST-03701;Nandi Mthethwa;37;Corporate;KwaZulu-Natal
CUST-03702;Sipho Botha;37;Small Business;Western Cape
CUST-03703;Aiden Mabena;33;Consumer;Western Cape
CUST-03704;Thabo Botha;43;Consumer;Gauteng
CUST-03705;Ayesha Botha;41;Corporate;KwaZulu-Natal
CUST-03706;Thabo Mthembu;39;Small Business;Gauteng
CUST-03707;Zanele Mokoena;29;Small Business;Gauteng
CUST-03708;Mpho Dlamini;31;Small Business;Limpopo
CUST-03709;Ethan Mthethwa;36;Corporate;Gauteng
CUST-03710;Ayesha Mokoena;49;Small Business;Western Cape
CUST-03711;Jason Botha;23;Consumer;Western Cape
CUST-03712;Chloe Mabena;52;Consumer;Gauteng
CUST-03713;Neo Ndlovu;44;Small Business;Gauteng
CUST-03714;Sipho Molefe;49;Consumer;Free State
CUST-03715;Lerato Mthethwa;47;Consumer;Gauteng
CUST-03716;Jason Pillay;39;Consumer;Gauteng
CUST-03717;Aiden Van Wyk;33;Corporate;Gauteng
CUST-03718;Naledi Botha;53;Small Business;Gauteng
CUST-03719;Mia Williams;51;Small Business;Gauteng
CUST-03720;Daniel Botha;24;Consumer;Gauteng
CUST-03721;Zanele Mthethwa;25;Consumer;Free State
CUST-03722;Aiden Pillay;43;Consumer;Free State
CUST-03723;Naledi Mabena;41;Small Business;Gauteng
CUST-03724;Neo Maseko;39;Consumer;Free State
CUST-03725;Sipho Peters;52;Consumer;Free State
CUST-03726;Neo Khumalo;18;Consumer;Gauteng
CUST-03727;Thabo Williams;53;Consumer;Western Cape
CUST-03728;Lerato Williams;60;Consumer;Limpopo
CUST-03729;Zanele Nkosi;48;Small Business;Gauteng
CUST-03730;Amahle Botha;27;Consumer;KwaZulu-Natal
CUST-03731;Thabo Williams;39;Consumer;Gauteng
CUST-03732;Liam Maseko;39;Consumer;Western Cape
CUST-03733;Neo Sithole;43;Consumer;KwaZulu-Natal
CUST-03734;Ayesha Pretorius;41;Consumer;Western Cape
CUST-03735;Aiden Mahlangu;26;Consumer;Limpopo
CUST-03736;Naledi Pretorius;30;Small Business;Western Cape
CUST-03737;Sipho Williams;39;Consumer;Western Cape
CUST-03738;Chloe Ndlovu;27;Small Business;Gauteng
CUST-03739;Ethan Mthembu;45;Consumer;KwaZulu-Natal
CUST-03740;Leah Khumalo;54;Small Business;Gauteng
CUST-03741;Jason Dlamini;18;Consumer;Western Cape
CUST-03742;Zanele Mthethwa;54;Consumer;Free State
CUST-03743;Chloe Mthethwa;46;Consumer;Limpopo
CUST-03744;Ayesha Naidoo;18;Consumer;Western Cape
CUST-03745;Lerato Mthethwa;18;Consumer;Gauteng
CUST-03746;Naledi Pretorius;38;Consumer;Limpopo
CUST-03747;Chloe Williams;41;Consumer;Free State
CUST-03748;Aiden Maseko;19;Small Business;Western Cape
CUST-03749;Naledi Mabena;34;Consumer;KwaZulu-Natal
CUST-03750;Lerato Mabena;28;Consumer;Free State
CUST-03751;Leah Naidoo;20;Consumer;Gauteng
CUST-03752;Jason Botha;60;Consumer;KwaZulu-Natal
CUST-03753;Mpho Maseko;43;Consumer;KwaZulu-Natal
CUST-03754;Leah Mthembu;24;Consumer;Limpopo
CUST-03755;Ethan Molefe;43;Small Business;Limpopo
CUST-03756;Lerato Mabena;18;Consumer;Limpopo
CUST-03757;Liam Mthembu;38;Small Business;KwaZulu-Natal
CUST-03758;Kagiso Pillay;42;Consumer;Western Cape
CUST-03759;Mia Molefe;41;Consumer;Free State
CUST-03760;Sipho Mokoena;46;Consumer;Western Cape
CUST-03761;Chloe Mahlangu;49;Consumer;Free State
CUST-03762;Amahle Sithole;52;Consumer;KwaZulu-Natal
CUST-03763;Lerato Van Wyk;29;Consumer;Gauteng
CUST-03764;Jason Khumalo;35;Consumer;Gauteng
CUST-03765;Leah Pretorius;33;Small Business;Gauteng
CUST-03766;Ethan Mthembu;55;Corporate;Western Cape
CUST-03767;Kagiso Mabena;46;Consumer;Limpopo
CUST-03768;Leah Mokoena;18;Consumer;Free State
CUST-03769;Neo Van Wyk;39;Consumer;Western Cape
CUST-03770;Jason Jacobs;34;Consumer;Western Cape
CUST-03771;Lerato Maseko;50;Consumer;Western Cape
CUST-03772;Kayla Mabena;48;Consumer;KwaZulu-Natal
CUST-03773;Chloe Molefe;34;Consumer;Gauteng
CUST-03774;Nandi Ndlovu;27;Consumer;Gauteng
CUST-03775;Nandi Khumalo;32;Consumer;Gauteng
CUST-03776;Kagiso Botha;29;Small Business;KwaZulu-Natal
CUST-03777;Mpho Pillay;43;Consumer;Gauteng
CUST-03778;Amahle Khumalo;31;Consumer;KwaZulu-Natal
CUST-03779;Sipho Pillay;45;Consumer;Western Cape
CUST-03780;Chloe Ndlovu;44;Small Business;Gauteng
CUST-03781;Daniel Peters;52;Consumer;Gauteng
CUST-03782;Zanele Naidoo;64;Small Business;Gauteng
CUST-03783;Kagiso Botha;29;Consumer;Gauteng
CUST-03784;Ayesha Molefe;41;Small Business;Limpopo
CUST-03785;Mpho Dlamini;47;Consumer;Limpopo
CUST-03786;Amahle Molefe;49;Corporate;KwaZulu-Natal
CUST-03787;Leah Molefe;27;Small Business;Limpopo
CUST-03788;Thabo Maseko;41;Small Business;Free State
CUST-03789;Naledi Sithole;44;Consumer;Western Cape
CUST-03790;Ethan Naidoo;26;Consumer;Gauteng
CUST-03791;Zanele Mokoena;50;Consumer;Limpopo
CUST-03792;Naledi Mokoena;26;Consumer;Gauteng
CUST-03793;Amahle Pretorius;53;Small Business;Western Cape
CUST-03794;Mia Pillay;36;Small Business;KwaZulu-Natal
CUST-03795;Amahle Khumalo;43;Consumer;Western Cape
CUST-03796;Chloe Ndlovu;53;Consumer;Western Cape
CUST-03797;Kagiso Mabena;38;Consumer;Limpopo
CUST-03798;Leah Williams;40;Small Business;KwaZulu-Natal
CUST-03799;Liam Mthethwa;33;Consumer;Western Cape
CUST-03800;Zanele Pillay;32;Consumer;Limpopo
CUST-03801;Aiden Maseko;46;Consumer;KwaZulu-Natal
CUST-03802;Zanele Maseko;35;Small Business;Gauteng
CUST-03803;Nandi Nkosi;59;Small Business;Western Cape
CUST-03804;Thabo Sithole;36;Consumer;Limpopo
CUST-03805;Lerato Sithole;39;Consumer;Western Cape
CUST-03806;Thabo Jacobs;21;Consumer;Western Cape
CUST-03807;Aiden Williams;25;Consumer;Limpopo
CUST-03808;Ethan Jacobs;32;Consumer;Western Cape
CUST-03809;Naledi Ndlovu;42;Consumer;Western Cape
CUST-03810;Chloe Mthembu;40;Consumer;Gauteng
CUST-03811;Kayla Mahlangu;51;Small Business;Free State
CUST-03812;Jason Molefe;40;Corporate;Gauteng
CUST-03813;Aiden Nkosi;32;Consumer;Free State
CUST-03814;Chloe Pillay;40;Consumer;KwaZulu-Natal
CUST-03815;Neo Maseko;32;Corporate;Gauteng
CUST-03816;Ayesha Mthethwa;46;Consumer;Gauteng
CUST-03817;Amahle Van Wyk;31;Consumer;KwaZulu-Natal
CUST-03818;Ethan Dlamini;35;Small Business;Free State
CUST-03819;Kagiso Mabena;35;Consumer;Gauteng
CUST-03820;Sipho Pretorius;25;Consumer;Gauteng
CUST-03821;Nandi Mthembu;53;Consumer;Gauteng
CUST-03822;Sipho Sithole;33;Consumer;Gauteng
CUST-03823;Lerato Sithole;42;Small Business;Gauteng
CUST-03824;Ayesha Mthembu;53;Small Business;Limpopo
CUST-03825;Chloe Van Wyk;18;Small Business;Western Cape
CUST-03826;Thabo Peters;34;Small Business;Free State
CUST-03827;Ayesha Maseko;42;Consumer;Western Cape
CUST-03828;Neo Khumalo;18;Small Business;Gauteng
CUST-03829;Lerato Peters;29;Corporate;Gauteng
CUST-03830;Naledi Peters;32;Consumer;Gauteng
CUST-03831;Kagiso Nkosi;18;Consumer;Gauteng
CUST-03832;Amahle Naidoo;37;Consumer;Gauteng
CUST-03833;Amahle Naidoo;45;Consumer;KwaZulu-Natal
CUST-03834;Naledi Mthembu;27;Consumer;Western Cape
CUST-03835;Kagiso Maseko;47;Corporate;Gauteng
CUST-03836;Kagiso Mabena;53;Consumer;Western Cape
CUST-03837;Thabo Ndlovu;30;Consumer;Gauteng
CUST-03838;Nandi Dlamini;34;Consumer;Western Cape
CUST-03839;Liam Williams;39;Consumer;Western Cape
CUST-03840;Liam Dlamini;32;Consumer;Gauteng
CUST-03841;Neo Ndlovu;21;Consumer;KwaZulu-Natal
CUST-03842;Daniel Jacobs;25;Consumer;Gauteng
CUST-03843;Naledi Ndlovu;33;Consumer;Free State
CUST-03844;Kayla Ndlovu;21;Consumer;Limpopo
CUST-03845;Thabo Molefe;32;Consumer;KwaZulu-Natal
CUST-03846;Kayla Ndlovu;27;Consumer;KwaZulu-Natal
CUST-03847;Chloe Mthethwa;40;Consumer;Limpopo
CUST-03848;Mpho Williams;45;Consumer;Gauteng
CUST-03849;Kagiso Mahlangu;23;Small Business;Gauteng
CUST-03850;Zanele Dlamini;32;Small Business;Limpopo
CUST-03851;Chloe Molefe;24;Small Business;Limpopo
CUST-03852;Mia Van Wyk;49;Consumer;Gauteng
CUST-03853;Ethan Maseko;34;Consumer;Western Cape
CUST-03854;Kayla Jacobs;29;Small Business;Limpopo
CUST-03855;Amahle Van Wyk;39;Small Business;Gauteng
CUST-03856;Liam Mthembu;45;Consumer;Limpopo
CUST-03857;Naledi Mahlangu;23;Consumer;Gauteng
CUST-03858;Amahle Botha;38;Corporate;Western Cape
CUST-03859;Naledi Mabena;18;Consumer;Western Cape
CUST-03860;Naledi Ndlovu;25;Consumer;Limpopo
CUST-03861;Kayla Mthembu;46;Small Business;Gauteng
CUST-03862;Lerato Botha;38;Consumer;Gauteng
CUST-03863;Amahle Mahlangu;41;Consumer;Free State
CUST-03864;Nandi Mthethwa;49;Consumer;KwaZulu-Natal
CUST-03865;Nandi Mokoena;42;Consumer;Western Cape
CUST-03866;Chloe Williams;31;Consumer;Gauteng
CUST-03867;Jason Peters;41;Small Business;Western Cape
CUST-03868;Ethan Mthethwa;42;Small Business;Gauteng
CUST-03869;Thabo Pretorius;39;Consumer;Gauteng
CUST-03870;Liam Dlamini;36;Consumer;Gauteng
CUST-03871;Kayla Nkosi;36;Consumer;Gauteng
CUST-03872;Nandi Mabena;49;Small Business;Free State
CUST-03873;Thabo Ndlovu;23;Small Business;Gauteng
CUST-03874;Amahle Pretorius;41;Corporate;Gauteng
CUST-03875;Naledi Botha;18;Consumer;KwaZulu-Natal
CUST-03876;Mpho Mthembu;36;Consumer;Gauteng
CUST-03877;Leah Nkosi;25;Small Business;Gauteng
CUST-03878;Mia Van Wyk;58;Consumer;Gauteng
CUST-03879;Amahle Mabena;45;Consumer;Western Cape
CUST-03880;Chloe Maseko;49;Consumer;Western Cape
CUST-03881;Kagiso Mthethwa;34;Consumer;Gauteng
CUST-03882;Nandi Jacobs;68;Consumer;Limpopo
CUST-03883;Mia Sithole;36;Consumer;Gauteng
CUST-03884;Leah Sithole;35;Consumer;Western Cape
CUST-03885;Chloe Mokoena;32;Consumer;Free State
CUST-03886;Ayesha Molefe;54;Consumer;Western Cape
CUST-03887;Aiden Sithole;18;Consumer;KwaZulu-Natal
CUST-03888;Amahle Van Wyk;22;Consumer;Western Cape
CUST-03889;Ayesha Williams;47;Consumer;Gauteng
CUST-03890;Sipho Peters;45;Consumer;Gauteng
CUST-03891;Zanele Nkosi;46;Consumer;Western Cape
CUST-03892;Zanele Maseko;19;Consumer;Gauteng
CUST-03893;Neo Pillay;65;Small Business;Free State
CUST-03894;Mpho Sithole;45;Consumer;Gauteng
CUST-03895;Kayla Mabena;52;Consumer;KwaZulu-Natal
CUST-03896;Jason Pretorius;45;Small Business;Western Cape
CUST-03897;Thabo Naidoo;30;Consumer;Limpopo
CUST-03898;Amahle Maseko;29;Corporate;Gauteng
CUST-03899;Naledi Botha;36;Consumer;Limpopo
CUST-03900;Jason Sithole;22;Consumer;Western Cape
CUST-03901;Zanele Jacobs;59;Consumer;Limpopo
CUST-03902;Lerato Nkosi;40;Consumer;Gauteng
CUST-03903;Thabo Botha;39;Consumer;KwaZulu-Natal
CUST-03904;Neo Botha;32;Small Business;Western Cape
CUST-03905;Lerato Pretorius;37;Corporate;Limpopo
CUST-03906;Mpho Van Wyk;37;Consumer;Limpopo
CUST-03907;Sipho Molefe;18;Small Business;Free State
CUST-03908;Thabo Pillay;37;Small Business;Gauteng
CUST-03909;Leah Sithole;44;Consumer;KwaZulu-Natal
CUST-03910;Jason Mabena;23;Small Business;KwaZulu-Natal
CUST-03911;Daniel Mthethwa;32;Corporate;Western Cape
CUST-03912;Daniel Nkosi;37;Consumer;Gauteng
CUST-03913;Sipho Mabena;31;Consumer;Gauteng
CUST-03914;Aiden Ndlovu;27;Consumer;Limpopo
CUST-03915;Leah Pillay;55;Consumer;Gauteng
CUST-03916;Jason Botha;44;Consumer;Gauteng
CUST-03917;Liam Mthethwa;29;Consumer;Western Cape
CUST-03918;Mpho Ndlovu;29;Consumer;Gauteng
CUST-03919;Mia Pretorius;41;Consumer;Gauteng
CUST-03920;Chloe Pretorius;43;Small Business;Western Cape
CUST-03921;Zanele Mabena;40;Consumer;Western Cape
CUST-03922;Ethan Nkosi;49;Small Business;KwaZulu-Natal
CUST-03923;Nandi Mabena;39;Consumer;Gauteng
CUST-03924;Naledi Khumalo;25;Consumer;Gauteng
CUST-03925;Leah Mthethwa;42;Consumer;Western Cape
CUST-03926;Ethan Khumalo;56;Consumer;Gauteng
CUST-03927;Daniel Mahlangu;33;Consumer;Western Cape
CUST-03928;Mia Maseko;35;Consumer;KwaZulu-Natal
CUST-03929;Leah Van Wyk;40;Consumer;KwaZulu-Natal
CUST-03930;Lerato Sithole;46;Consumer;KwaZulu-Natal
CUST-03931;Liam Dlamini;56;Consumer;Limpopo
CUST-03932;Kagiso Mabena;39;Consumer;Western Cape
CUST-03933;Mia Sithole;20;Consumer;Gauteng
CUST-03934;Kayla Pretorius;53;Consumer;Gauteng
CUST-03935;Kayla Mthethwa;20;Small Business;KwaZulu-Natal
CUST-03936;Mpho Mahlangu;38;Consumer;Western Cape
CUST-03937;Leah Mokoena;18;Consumer;Gauteng
CUST-03938;Mia Mokoena;45;Consumer;KwaZulu-Natal
CUST-03939;Neo Dlamini;22;Consumer;Western Cape
CUST-03940;Ayesha Dlamini;18;Consumer;Gauteng
CUST-03941;Liam Naidoo;28;Consumer;Western Cape
CUST-03942;Neo Maseko;25;Consumer;Western Cape
CUST-03943;Liam Mabena;47;Consumer;Gauteng
CUST-03944;Chloe Van Wyk;18;Consumer;KwaZulu-Natal
CUST-03945;Ethan Mthethwa;32;Consumer;KwaZulu-Natal
CUST-03946;Aiden Williams;19;Corporate;Free State
CUST-03947;Sipho Mthembu;27;Consumer;Free State
CUST-03948;Thabo Mabena;44;Corporate;Gauteng
CUST-03949;Naledi Dlamini;41;Consumer;Gauteng
CUST-03950;Ethan Pillay;48;Consumer;Western Cape
CUST-03951;Amahle Naidoo;26;Consumer;Gauteng
CUST-03952;Liam Naidoo;38;Consumer;Free State
CUST-03953;Sipho Mthethwa;22;Consumer;KwaZulu-Natal
CUST-03954;Liam Peters;63;Consumer;Gauteng
CUST-03955;Neo Mthembu;52;Consumer;Gauteng
CUST-03956;Leah Mabena;62;Consumer;KwaZulu-Natal
CUST-03957;Aiden Nkosi;38;Consumer;Gauteng
CUST-03958;Jason Jacobs;31;Corporate;Gauteng
CUST-03959;Nandi Williams;18;Consumer;Gauteng
CUST-03960;Nandi Molefe;47;Consumer;Gauteng
CUST-03961;Ayesha Pillay;42;Consumer;KwaZulu-Natal
CUST-03962;Naledi Ndlovu;32;Small Business;Limpopo
CUST-03963;Lerato Peters;34;Small Business;Limpopo
CUST-03964;Aiden Naidoo;44;Consumer;Gauteng
CUST-03965;Kayla Ndlovu;43;Consumer;Free State
CUST-03966;Thabo Van Wyk;19;Consumer;Gauteng
CUST-03967;Neo Sithole;34;Consumer;Free State
CUST-03968;Kagiso Van Wyk;47;Small Business;Western Cape
CUST-03969;Ayesha Nkosi;52;Consumer;Gauteng
CUST-03970;Thabo Naidoo;34;Small Business;KwaZulu-Natal
CUST-03971;Naledi Peters;32;Consumer;KwaZulu-Natal
CUST-03972;Aiden Pretorius;18;Consumer;Gauteng
CUST-03973;Liam Mahlangu;38;Corporate;KwaZulu-Natal
CUST-03974;Neo Van Wyk;23;Consumer;Gauteng
CUST-03975;Nandi Mahlangu;28;Consumer;Western Cape
CUST-03976;Ayesha Mahlangu;54;Consumer;Gauteng
CUST-03977;Ethan Botha;28;Small Business;Free State
CUST-03978;Jason Jacobs;31;Small Business;Gauteng
CUST-03979;Lerato Pillay;26;Consumer;Gauteng
CUST-03980;Zanele Molefe;27;Small Business;Western Cape
CUST-03981;Amahle Peters;35;Consumer;Western Cape
CUST-03982;Neo Jacobs;27;Consumer;Free State
CUST-03983;Jason Naidoo;23;Consumer;Free State
CUST-03984;Chloe Botha;31;Small Business;Gauteng
CUST-03985;Mia Botha;39;Consumer;Gauteng
CUST-03986;Daniel Botha;45;Consumer;KwaZulu-Natal
CUST-03987;Daniel Peters;51;Consumer;Gauteng
CUST-03988;Ayesha Pretorius;49;Consumer;Gauteng
CUST-03989;Lerato Maseko;49;Small Business;Western Cape
CUST-03990;Mia Williams;38;Consumer;Gauteng
CUST-03991;Daniel Mthethwa;44;Consumer;Western Cape
CUST-03992;Neo Mahlangu;24;Consumer;Western Cape
CUST-03993;Liam Pretorius;43;Consumer;Western Cape
CUST-03994;Neo Peters;37;Consumer;Western Cape
CUST-03995;Amahle Mokoena;48;Consumer;KwaZulu-Natal
CUST-03996;Aiden Nkosi;30;Consumer;KwaZulu-Natal
CUST-03997;Kayla Molefe;44;Consumer;Limpopo
CUST-03998;Lerato Peters;42;Consumer;KwaZulu-Natal
CUST-03999;Neo Sithole;19;Small Business;Free State
CUST-04000;Kagiso Molefe;28;Consumer;Free State
CUST-04001;Lerato Botha;35;Consumer;Western Cape
CUST-04002;Liam Mahlangu;40;Consumer;Gauteng
CUST-04003;Thabo Jacobs;29;Small Business;Gauteng
CUST-04004;Aiden Botha;37;Consumer;KwaZulu-Natal
CUST-04005;Ethan Pretorius;25;Consumer;Free State
CUST-04006;Mia Peters;37;Consumer;Limpopo
CUST-04007;Neo Maseko;38;Small Business;KwaZulu-Natal
CUST-04008;Jason Williams;43;Consumer;Western Cape
CUST-04009;Kagiso Sithole;34;Consumer;KwaZulu-Natal
CUST-04010;Aiden Dlamini;35;Small Business;Gauteng
CUST-04011;Zanele Molefe;45;Consumer;Limpopo
CUST-04012;Liam Dlamini;18;Corporate;Gauteng
CUST-04013;Kayla Mabena;30;Small Business;Gauteng
CUST-04014;Ethan Naidoo;42;Consumer;Western Cape
CUST-04015;Lerato Molefe;32;Consumer;Gauteng
CUST-04016;Ayesha Peters;21;Consumer;Gauteng
CUST-04017;Mia Molefe;34;Consumer;Gauteng
CUST-04018;Mia Mahlangu;46;Consumer;Gauteng
CUST-04019;Sipho Pretorius;28;Consumer;KwaZulu-Natal
CUST-04020;Chloe Mthethwa;50;Corporate;KwaZulu-Natal
CUST-04021;Chloe Pillay;46;Consumer;Gauteng
CUST-04022;Ethan Dlamini;42;Small Business;KwaZulu-Natal
CUST-04023;Neo Molefe;29;Consumer;Limpopo
CUST-04024;Lerato Naidoo;34;Small Business;Gauteng
CUST-04025;Liam Mokoena;35;Small Business;Gauteng
CUST-04026;Jason Sithole;41;Consumer;Western Cape
CUST-04027;Naledi Mahlangu;59;Consumer;Limpopo
CUST-04028;Amahle Molefe;60;Consumer;Limpopo
CUST-04029;Amahle Van Wyk;38;Corporate;Gauteng
CUST-04030;Thabo Khumalo;28;Small Business;Western Cape
CUST-04031;Liam Pretorius;18;Corporate;KwaZulu-Natal
CUST-04032;Nandi Peters;34;Consumer;Western Cape
CUST-04033;Nandi Ndlovu;40;Consumer;Gauteng
CUST-04034;Leah Williams;38;Consumer;Western Cape
CUST-04035;Mpho Mokoena;51;Small Business;Gauteng
CUST-04036;Chloe Botha;41;Consumer;KwaZulu-Natal
CUST-04037;Daniel Mthethwa;47;Consumer;Limpopo
CUST-04038;Zanele Botha;25;Consumer;Western Cape
CUST-04039;Daniel Maseko;38;Consumer;Western Cape
CUST-04040;Liam Mthethwa;40;Consumer;KwaZulu-Natal
CUST-04041;Lerato Van Wyk;23;Consumer;Limpopo
CUST-04042;Mia Jacobs;50;Consumer;Gauteng
CUST-04043;Daniel Nkosi;45;Consumer;Free State
CUST-04044;Amahle Maseko;39;Consumer;Western Cape
CUST-04045;Neo Sithole;20;Consumer;Free State
CUST-04046;Ethan Maseko;58;Small Business;Western Cape
CUST-04047;Jason Molefe;55;Consumer;Western Cape
CUST-04048;Naledi Mokoena;42;Corporate;Gauteng
CUST-04049;Liam Williams;24;Small Business;Limpopo
CUST-04050;Nandi Botha;29;Small Business;Free State
CUST-04051;Ayesha Mthembu;44;Consumer;Gauteng
CUST-04052;Liam Jacobs;30;Consumer;Western Cape
CUST-04053;Mpho Van Wyk;18;Consumer;Western Cape
CUST-04054;Nandi Naidoo;18;Consumer;Limpopo
CUST-04055;Zanele Pillay;18;Consumer;Gauteng
CUST-04056;Nandi Van Wyk;57;Consumer;Western Cape
CUST-04057;Mpho Van Wyk;40;Consumer;Gauteng
CUST-04058;Liam Botha;39;Consumer;Western Cape
CUST-04059;Sipho Mahlangu;44;Consumer;Limpopo
CUST-04060;Lerato Mahlangu;42;Consumer;Western Cape
CUST-04061;Zanele Ndlovu;32;Consumer;KwaZulu-Natal
CUST-04062;Thabo Khumalo;37;Consumer;KwaZulu-Natal
CUST-04063;Naledi Pillay;19;Small Business;Limpopo
CUST-04064;Aiden Jacobs;37;Consumer;KwaZulu-Natal
CUST-04065;Mia Pretorius;28;Consumer;KwaZulu-Natal
CUST-04066;Leah Botha;19;Consumer;KwaZulu-Natal
CUST-04067;Ayesha Pillay;40;Consumer;Gauteng
CUST-04068;Ayesha Nkosi;36;Consumer;Gauteng
CUST-04069;Ethan Nkosi;18;Consumer;Gauteng
CUST-04070;Amahle Pillay;53;Consumer;Western Cape
CUST-04071;Jason Williams;30;Consumer;Western Cape
CUST-04072;Ethan Sithole;43;Small Business;KwaZulu-Natal
CUST-04073;Kagiso Sithole;38;Small Business;Gauteng
CUST-04074;Amahle Pretorius;46;Consumer;Gauteng
CUST-04075;Daniel Ndlovu;25;Consumer;Western Cape
CUST-04076;Chloe Pretorius;43;Consumer;Western Cape
CUST-04077;Lerato Botha;35;Consumer;Western Cape
CUST-04078;Sipho Dlamini;18;Consumer;Gauteng
CUST-04079;Nandi Khumalo;31;Consumer;Free State
CUST-04080;Liam Mokoena;30;Small Business;Gauteng
CUST-04081;Neo Ndlovu;55;Corporate;Gauteng
CUST-04082;Kayla Naidoo;30;Consumer;Western Cape
CUST-04083;Jason Molefe;36;Consumer;KwaZulu-Natal
CUST-04084;Daniel Mthembu;21;Small Business;Western Cape
CUST-04085;Aiden Van Wyk;26;Consumer;Western Cape
CUST-04086;Chloe Williams;49;Small Business;Western Cape
CUST-04087;Neo Pillay;28;Consumer;KwaZulu-Natal
CUST-04088;Thabo Mokoena;18;Small Business;KwaZulu-Natal
CUST-04089;Nandi Dlamini;38;Corporate;Gauteng
CUST-04090;Jason Peters;56;Consumer;Gauteng
CUST-04091;Thabo Mahlangu;58;Consumer;Gauteng
CUST-04092;Zanele Dlamini;41;Small Business;Western Cape
CUST-04093;Neo Van Wyk;43;Consumer;Western Cape
CUST-04094;Mpho Van Wyk;18;Consumer;Gauteng
CUST-04095;Kayla Naidoo;30;Consumer;Gauteng
CUST-04096;Nandi Sithole;34;Consumer;Free State
CUST-04097;Thabo Pretorius;28;Small Business;Gauteng
CUST-04098;Mia Molefe;53;Consumer;Free State
CUST-04099;Chloe Ndlovu;18;Small Business;Gauteng
CUST-04100;Chloe Khumalo;26;Corporate;Gauteng
CUST-04101;Chloe Van Wyk;26;Consumer;Western Cape
CUST-04102;Kagiso Jacobs;60;Small Business;Limpopo
CUST-04103;Chloe Peters;18;Consumer;Free State
CUST-04104;Thabo Botha;18;Consumer;Gauteng
CUST-04105;Leah Mahlangu;28;Consumer;Free State
CUST-04106;Kagiso Maseko;54;Small Business;Gauteng
CUST-04107;Liam Mokoena;38;Consumer;Limpopo
CUST-04108;Kagiso Mthembu;37;Consumer;Western Cape
CUST-04109;Nandi Sithole;30;Small Business;KwaZulu-Natal
CUST-04110;Nandi Nkosi;31;Consumer;Gauteng
CUST-04111;Kagiso Naidoo;38;Small Business;Gauteng
CUST-04112;Mpho Khumalo;52;Consumer;Gauteng
CUST-04113;Ayesha Botha;26;Consumer;Gauteng
CUST-04114;Daniel Molefe;50;Consumer;KwaZulu-Natal
CUST-04115;Daniel Mabena;20;Consumer;Western Cape
CUST-04116;Leah Khumalo;30;Consumer;Free State
CUST-04117;Lerato Jacobs;43;Consumer;Limpopo
CUST-04118;Daniel Mthethwa;46;Consumer;Limpopo
CUST-04119;Mpho Mthembu;33;Small Business;Gauteng
CUST-04120;Naledi Pillay;30;Consumer;Gauteng
CUST-04121;Leah Sithole;34;Consumer;Gauteng
CUST-04122;Thabo Mthethwa;41;Small Business;Gauteng
CUST-04123;Ethan Ndlovu;21;Corporate;Western Cape
CUST-04124;Daniel Maseko;43;Consumer;Limpopo
CUST-04125;Leah Naidoo;41;Small Business;Western Cape
CUST-04126;Lerato Molefe;44;Consumer;KwaZulu-Natal
CUST-04127;Neo Molefe;34;Consumer;Gauteng
CUST-04128;Daniel Van Wyk;31;Consumer;Gauteng
CUST-04129;Neo Molefe;43;Consumer;KwaZulu-Natal
CUST-04130;Leah Ndlovu;30;Small Business;Gauteng
CUST-04131;Leah Peters;34;Consumer;Limpopo
CUST-04132;Naledi Mahlangu;33;Consumer;Gauteng
CUST-04133;Mia Naidoo;18;Corporate;KwaZulu-Natal
CUST-04134;Naledi Botha;53;Consumer;Western Cape
CUST-04135;Liam Mabena;57;Consumer;Gauteng
CUST-04136;Kagiso Mahlangu;24;Consumer;Gauteng
CUST-04137;Thabo Maseko;18;Consumer;Limpopo
CUST-04138;Thabo Mthembu;41;Consumer;Western Cape
CUST-04139;Daniel Peters;40;Consumer;Gauteng
CUST-04140;Jason Mthembu;28;Consumer;Gauteng
CUST-04141;Kagiso Sithole;53;Consumer;Western Cape
CUST-04142;Thabo Pillay;22;Consumer;Western Cape
CUST-04143;Mia Dlamini;23;Small Business;KwaZulu-Natal
CUST-04144;Sipho Mahlangu;47;Small Business;Gauteng
CUST-04145;Neo Mahlangu;19;Consumer;Western Cape
CUST-04146;Chloe Pillay;56;Consumer;Western Cape
CUST-04147;Thabo Jacobs;33;Consumer;Limpopo
CUST-04148;Amahle Mthembu;42;Small Business;Gauteng
CUST-04149;Kayla Dlamini;27;Small Business;Western Cape
CUST-04150;Thabo Dlamini;34;Small Business;Gauteng
CUST-04151;Jason Botha;56;Consumer;Gauteng
CUST-04152;Thabo Mthembu;32;Consumer;Western Cape
CUST-04153;Liam Dlamini;46;Consumer;Gauteng
CUST-04154;Zanele Naidoo;39;Small Business;Gauteng
CUST-04155;Zanele Naidoo;43;Consumer;Limpopo
CUST-04156;Liam Dlamini;46;Small Business;Limpopo
CUST-04157;Chloe Mahlangu;23;Consumer;Western Cape
CUST-04158;Sipho Mthembu;31;Consumer;Gauteng
CUST-04159;Jason Nkosi;41;Consumer;Gauteng
CUST-04160;Neo Nkosi;45;Small Business;Western Cape
CUST-04161;Neo Ndlovu;48;Consumer;Western Cape
CUST-04162;Sipho Nkosi;54;Small Business;Gauteng
CUST-04163;Sipho Van Wyk;33;Consumer;Western Cape
CUST-04164;Neo Mabena;40;Consumer;Free State
CUST-04165;Mpho Khumalo;34;Small Business;KwaZulu-Natal
CUST-04166;Chloe Mthethwa;46;Small Business;Gauteng
CUST-04167;Ethan Pillay;34;Corporate;Gauteng
CUST-04168;Kagiso Ndlovu;49;Consumer;Gauteng
CUST-04169;Mpho Jacobs;21;Small Business;Western Cape
CUST-04170;Lerato Mthethwa;24;Small Business;KwaZulu-Natal
CUST-04171;Ayesha Botha;46;Small Business;Limpopo
CUST-04172;Naledi Dlamini;21;Consumer;Gauteng
CUST-04173;Sipho Ndlovu;37;Consumer;Limpopo
CUST-04174;Kagiso Mokoena;45;Small Business;Free State
CUST-04175;Kayla Maseko;45;Consumer;Gauteng
CUST-04176;Nandi Dlamini;35;Consumer;KwaZulu-Natal
CUST-04177;Ethan Pretorius;36;Corporate;Gauteng
CUST-04178;Kagiso Mahlangu;30;Consumer;Western Cape
CUST-04179;Liam Mahlangu;35;Consumer;Gauteng
CUST-04180;Amahle Botha;33;Consumer;Gauteng
CUST-04181;Amahle Mokoena;31;Small Business;Western Cape
CUST-04182;Chloe Van Wyk;39;Small Business;Western Cape
CUST-04183;Jason Mahlangu;53;Small Business;Gauteng
CUST-04184;Ethan Maseko;42;Consumer;Western Cape
CUST-04185;Mia Molefe;29;Consumer;Gauteng
CUST-04186;Mpho Pretorius;48;Small Business;Limpopo
CUST-04187;Neo Williams;48;Consumer;Gauteng
CUST-04188;Mia Nkosi;43;Small Business;Western Cape
CUST-04189;Chloe Dlamini;36;Corporate;Gauteng
CUST-04190;Nandi Mabena;19;Consumer;Western Cape
CUST-04191;Kagiso Jacobs;48;Consumer;Western Cape
CUST-04192;Neo Maseko;47;Consumer;KwaZulu-Natal
CUST-04193;Neo Pretorius;38;Small Business;Western Cape
CUST-04194;Daniel Peters;42;Small Business;Western Cape
CUST-04195;Ethan Mahlangu;23;Small Business;KwaZulu-Natal
CUST-04196;Kayla Pillay;27;Consumer;Gauteng
CUST-04197;Lerato Khumalo;46;Consumer;Gauteng
CUST-04198;Neo Botha;52;Consumer;Limpopo
CUST-04199;Aiden Mthethwa;24;Consumer;Limpopo
CUST-04200;Ayesha Naidoo;24;Small Business;Limpopo
CUST-04201;Kagiso Botha;40;Small Business;Gauteng
CUST-04202;Mpho Mthethwa;18;Small Business;Gauteng
CUST-04203;Daniel Pillay;38;Consumer;Gauteng
CUST-04204;Daniel Maseko;37;Small Business;Gauteng
CUST-04205;Liam Williams;41;Small Business;Western Cape
CUST-04206;Naledi Jacobs;34;Small Business;Western Cape
CUST-04207;Chloe Maseko;21;Consumer;Western Cape
CUST-04208;Chloe Maseko;44;Consumer;Gauteng
CUST-04209;Amahle Mokoena;41;Consumer;Gauteng
CUST-04210;Mia Naidoo;35;Consumer;Western Cape
CUST-04211;Ayesha Naidoo;51;Consumer;Western Cape
CUST-04212;Kagiso Mabena;44;Consumer;Gauteng
CUST-04213;Mpho Dlamini;18;Consumer;Western Cape
CUST-04214;Mia Jacobs;24;Consumer;KwaZulu-Natal
CUST-04215;Kayla Pillay;40;Consumer;KwaZulu-Natal
CUST-04216;Naledi Mokoena;40;Corporate;Gauteng
CUST-04217;Aiden Nkosi;31;Consumer;Gauteng
CUST-04218;Naledi Naidoo;29;Consumer;Western Cape
CUST-04219;Sipho Mthethwa;38;Corporate;Western Cape
CUST-04220;Chloe Williams;28;Consumer;Western Cape
CUST-04221;Thabo Mabena;39;Small Business;KwaZulu-Natal
CUST-04222;Neo Mokoena;33;Consumer;Limpopo
CUST-04223;Neo Jacobs;29;Consumer;KwaZulu-Natal
CUST-04224;Zanele Mthembu;51;Consumer;Gauteng
CUST-04225;Leah Pillay;18;Consumer;Western Cape
CUST-04226;Ethan Maseko;46;Consumer;KwaZulu-Natal
CUST-04227;Nandi Williams;43;Small Business;Gauteng
CUST-04228;Amahle Khumalo;20;Consumer;Gauteng
CUST-04229;Kagiso Naidoo;33;Consumer;Gauteng
CUST-04230;Kayla Sithole;36;Consumer;Free State
CUST-04231;Daniel Maseko;47;Consumer;Gauteng
CUST-04232;Chloe Botha;18;Consumer;Free State
CUST-04233;Liam Ndlovu;37;Consumer;Gauteng
CUST-04234;Neo Khumalo;27;Consumer;Gauteng
CUST-04235;Leah Ndlovu;18;Consumer;Gauteng
CUST-04236;Aiden Williams;49;Consumer;Gauteng
CUST-04237;Nandi Van Wyk;28;Consumer;Free State
CUST-04238;Ayesha Jacobs;36;Consumer;Gauteng
CUST-04239;Mpho Ndlovu;24;Consumer;KwaZulu-Natal
CUST-04240;Kagiso Naidoo;30;Consumer;Western Cape
CUST-04241;Sipho Naidoo;55;Consumer;Gauteng
CUST-04242;Jason Mthembu;40;Small Business;Gauteng
CUST-04243;Lerato Williams;48;Consumer;Free State
CUST-04244;Neo Williams;39;Consumer;Gauteng
CUST-04245;Ayesha Mthethwa;39;Consumer;Limpopo
CUST-04246;Mpho Ndlovu;44;Consumer;KwaZulu-Natal
CUST-04247;Mpho Mthembu;45;Consumer;Free State
CUST-04248;Kagiso Maseko;39;Consumer;Western Cape
CUST-04249;Mpho Jacobs;31;Small Business;Gauteng
CUST-04250;Kayla Nkosi;33;Corporate;KwaZulu-Natal
CUST-04251;Nandi Mokoena;46;Consumer;KwaZulu-Natal
CUST-04252;Aiden Pillay;32;Consumer;Gauteng
CUST-04253;Jason Khumalo;51;Consumer;Gauteng
CUST-04254;Daniel Van Wyk;18;Small Business;Gauteng
CUST-04255;Kagiso Jacobs;26;Consumer;Gauteng
CUST-04256;Kayla Williams;52;Consumer;KwaZulu-Natal
CUST-04257;Lerato Nkosi;24;Small Business;Limpopo
CUST-04258;Chloe Mthembu;41;Consumer;Gauteng
CUST-04259;Aiden Jacobs;48;Consumer;Western Cape
CUST-04260;Chloe Pretorius;37;Small Business;Gauteng
CUST-04261;Lerato Mthethwa;44;Consumer;KwaZulu-Natal
CUST-04262;Nandi Ndlovu;37;Consumer;KwaZulu-Natal
CUST-04263;Neo Jacobs;27;Consumer;Gauteng
CUST-04264;Ethan Ndlovu;33;Consumer;Gauteng
CUST-04265;Mia Naidoo;22;Small Business;Western Cape
CUST-04266;Amahle Jacobs;41;Small Business;Limpopo
CUST-04267;Sipho Van Wyk;47;Consumer;Free State
CUST-04268;Jason Nkosi;53;Consumer;Gauteng
CUST-04269;Nandi Peters;37;Small Business;Limpopo
CUST-04270;Ethan Nkosi;21;Consumer;Free State
CUST-04271;Sipho Mokoena;39;Consumer;Limpopo
CUST-04272;Ayesha Ndlovu;34;Small Business;KwaZulu-Natal
CUST-04273;Lerato Botha;23;Consumer;Gauteng
CUST-04274;Naledi Van Wyk;42;Consumer;KwaZulu-Natal
CUST-04275;Aiden Botha;42;Consumer;Gauteng
CUST-04276;Zanele Botha;35;Consumer;Gauteng
CUST-04277;Ethan Ndlovu;28;Small Business;Western Cape
CUST-04278;Mpho Pretorius;23;Small Business;Western Cape
CUST-04279;Sipho Botha;18;Consumer;Western Cape
CUST-04280;Kayla Maseko;45;Consumer;KwaZulu-Natal
CUST-04281;Mia Naidoo;46;Consumer;Gauteng
CUST-04282;Naledi Mthethwa;29;Small Business;Gauteng
CUST-04283;Kayla Mokoena;39;Consumer;Free State
CUST-04284;Aiden Van Wyk;31;Consumer;Gauteng
CUST-04285;Chloe Peters;32;Small Business;Western Cape
CUST-04286;Sipho Jacobs;19;Consumer;Gauteng
CUST-04287;Liam Mthembu;39;Consumer;Gauteng
CUST-04288;Amahle Van Wyk;18;Corporate;Gauteng
CUST-04289;Aiden Pillay;22;Small Business;Western Cape
CUST-04290;Aiden Sithole;34;Consumer;Limpopo
CUST-04291;Mpho Naidoo;49;Consumer;Limpopo
CUST-04292;Kayla Botha;42;Consumer;Gauteng
CUST-04293;Neo Molefe;38;Consumer;KwaZulu-Natal
CUST-04294;Jason Khumalo;48;Small Business;Western Cape
CUST-04295;Liam Mahlangu;48;Consumer;KwaZulu-Natal
CUST-04296;Kagiso Khumalo;25;Consumer;KwaZulu-Natal
CUST-04297;Ayesha Sithole;31;Consumer;KwaZulu-Natal
CUST-04298;Aiden Nkosi;27;Consumer;Western Cape
CUST-04299;Ayesha Nkosi;53;Consumer;Gauteng
CUST-04300;Leah Pillay;40;Consumer;Western Cape
CUST-04301;Lerato Ndlovu;37;Consumer;Limpopo
CUST-04302;Mia Molefe;46;Small Business;Limpopo
CUST-04303;Lerato Pillay;68;Consumer;KwaZulu-Natal
CUST-04304;Zanele Sithole;26;Small Business;Gauteng
CUST-04305;Sipho Peters;49;Consumer;Western Cape
CUST-04306;Mia Nkosi;29;Consumer;Western Cape
CUST-04307;Jason Van Wyk;38;Small Business;Gauteng
CUST-04308;Mpho Pretorius;35;Small Business;Gauteng
CUST-04309;Chloe Maseko;57;Small Business;Western Cape
CUST-04310;Naledi Botha;34;Small Business;KwaZulu-Natal
CUST-04311;Jason Nkosi;38;Small Business;Gauteng
CUST-04312;Amahle Mahlangu;24;Consumer;Gauteng
CUST-04313;Ayesha Sithole;36;Consumer;Gauteng
CUST-04314;Nandi Mthethwa;35;Consumer;Western Cape
CUST-04315;Kayla Naidoo;36;Small Business;Western Cape
CUST-04316;Amahle Williams;31;Consumer;Western Cape
CUST-04317;Liam Mabena;22;Consumer;Limpopo
CUST-04318;Ayesha Mokoena;31;Consumer;KwaZulu-Natal
CUST-04319;Neo Van Wyk;30;Consumer;Gauteng
CUST-04320;Liam Ndlovu;36;Consumer;Western Cape
CUST-04321;Liam Dlamini;37;Consumer;Gauteng
CUST-04322;Amahle Pillay;52;Consumer;KwaZulu-Natal
CUST-04323;Zanele Nkosi;47;Small Business;Gauteng
CUST-04324;Ayesha Williams;42;Consumer;Limpopo
CUST-04325;Mpho Pretorius;32;Consumer;Gauteng
CUST-04326;Nandi Mahlangu;49;Consumer;Gauteng
CUST-04327;Amahle Botha;46;Small Business;Western Cape
CUST-04328;Nandi Jacobs;18;Small Business;Gauteng
CUST-04329;Zanele Ndlovu;22;Small Business;Free State
CUST-04330;Lerato Mahlangu;35;Consumer;Western Cape
CUST-04331;Liam Peters;32;Consumer;Western Cape
CUST-04332;Amahle Mahlangu;33;Small Business;Gauteng
CUST-04333;Lerato Van Wyk;24;Small Business;Western Cape
CUST-04334;Liam Van Wyk;47;Consumer;Gauteng
CUST-04335;Leah Peters;40;Consumer;Gauteng
CUST-04336;Mia Maseko;34;Corporate;Gauteng
CUST-04337;Lerato Mthethwa;45;Small Business;Gauteng
CUST-04338;Liam Pillay;21;Consumer;KwaZulu-Natal
CUST-04339;Aiden Naidoo;18;Consumer;KwaZulu-Natal
CUST-04340;Thabo Botha;38;Consumer;Limpopo
CUST-04341;Leah Ndlovu;23;Consumer;Gauteng
CUST-04342;Jason Khumalo;18;Small Business;Gauteng
CUST-04343;Mia Maseko;31;Consumer;Western Cape
CUST-04344;Sipho Mokoena;29;Small Business;Gauteng
CUST-04345;Ethan Molefe;33;Consumer;Western Cape
CUST-04346;Chloe Mahlangu;39;Consumer;KwaZulu-Natal
CUST-04347;Leah Khumalo;23;Consumer;Western Cape
CUST-04348;Kagiso Botha;18;Small Business;Gauteng
CUST-04349;Neo Molefe;45;Consumer;KwaZulu-Natal
CUST-04350;Zanele Mthethwa;36;Consumer;Gauteng
CUST-04351;Neo Molefe;21;Consumer;Free State
CUST-04352;Lerato Jacobs;43;Consumer;Gauteng
CUST-04353;Liam Naidoo;51;Small Business;Western Cape
CUST-04354;Lerato Pillay;32;Consumer;Western Cape
CUST-04355;Ayesha Peters;46;Consumer;Gauteng
CUST-04356;Ethan Naidoo;52;Consumer;Limpopo
CUST-04357;Daniel Mthembu;23;Small Business;Western Cape
CUST-04358;Neo Mahlangu;28;Consumer;Western Cape
CUST-04359;Kagiso Sithole;49;Consumer;Gauteng
CUST-04360;Liam Sithole;37;Consumer;Gauteng
CUST-04361;Leah Mokoena;45;Small Business;Gauteng
CUST-04362;Liam Sithole;52;Consumer;Western Cape
CUST-04363;Thabo Pretorius;24;Corporate;KwaZulu-Natal
CUST-04364;Aiden Botha;23;Consumer;Western Cape
CUST-04365;Jason Molefe;18;Small Business;Gauteng
CUST-04366;Kagiso Sithole;49;Consumer;Limpopo
CUST-04367;Leah Peters;24;Corporate;Gauteng
CUST-04368;Liam Khumalo;18;Consumer;Gauteng
CUST-04369;Aiden Ndlovu;18;Small Business;Gauteng
CUST-04370;Thabo Mabena;40;Small Business;Gauteng
CUST-04371;Kagiso Pillay;62;Consumer;Western Cape
CUST-04372;Chloe Mabena;40;Corporate;Gauteng
CUST-04373;Liam Van Wyk;20;Consumer;Gauteng
CUST-04374;Daniel Mthembu;32;Consumer;KwaZulu-Natal
CUST-04375;Neo Mahlangu;49;Consumer;Gauteng
CUST-04376;Zanele Ndlovu;23;Small Business;Gauteng
CUST-04377;Jason Jacobs;40;Consumer;Gauteng
CUST-04378;Lerato Pillay;37;Small Business;Western Cape
CUST-04379;Jason Pretorius;59;Consumer;KwaZulu-Natal
CUST-04380;Zanele Jacobs;36;Consumer;Limpopo
CUST-04381;Mia Williams;18;Consumer;Gauteng
CUST-04382;Mia Mthembu;28;Consumer;Free State
CUST-04383;Leah Molefe;18;Consumer;KwaZulu-Natal
CUST-04384;Liam Peters;28;Corporate;Gauteng
CUST-04385;Kagiso Pillay;47;Consumer;Gauteng
CUST-04386;Mpho Williams;31;Corporate;Gauteng
CUST-04387;Naledi Van Wyk;59;Small Business;Gauteng
CUST-04388;Chloe Williams;45;Consumer;Gauteng
CUST-04389;Sipho Sithole;18;Consumer;Gauteng
CUST-04390;Mia Mokoena;36;Consumer;Gauteng
CUST-04391;Liam Mthethwa;47;Consumer;Western Cape
CUST-04392;Mpho Jacobs;46;Consumer;Gauteng
CUST-04393;Liam Mabena;29;Small Business;Free State
CUST-04394;Neo Mthethwa;49;Corporate;Western Cape
CUST-04395;Kayla Nkosi;36;Small Business;Gauteng
CUST-04396;Liam Khumalo;42;Consumer;KwaZulu-Natal
CUST-04397;Naledi Ndlovu;29;Consumer;Gauteng
CUST-04398;Nandi Pillay;39;Consumer;Western Cape
CUST-04399;Nandi Mahlangu;29;Small Business;Gauteng
CUST-04400;Mia Molefe;26;Consumer;Gauteng
CUST-04401;Neo Dlamini;45;Consumer;Western Cape
CUST-04402;Ayesha Mthembu;34;Small Business;Western Cape
CUST-04403;Ethan Molefe;38;Corporate;Western Cape
CUST-04404;Kayla Botha;34;Consumer;Western Cape
CUST-04405;Jason Nkosi;25;Consumer;Gauteng
CUST-04406;Kagiso Mthethwa;45;Consumer;Gauteng
CUST-04407;Ayesha Nkosi;49;Consumer;Free State
CUST-04408;Kagiso Mokoena;57;Consumer;Western Cape
CUST-04409;Kayla Naidoo;38;Small Business;KwaZulu-Natal
CUST-04410;Mia Maseko;40;Consumer;Free State
CUST-04411;Naledi Molefe;23;Corporate;Gauteng
CUST-04412;Ethan Van Wyk;22;Small Business;Free State
CUST-04413;Nandi Jacobs;43;Consumer;Gauteng
CUST-04414;Ayesha Nkosi;42;Consumer;Western Cape
CUST-04415;Zanele Williams;28;Consumer;Gauteng
CUST-04416;Kayla Mthethwa;36;Small Business;Gauteng
CUST-04417;Lerato Williams;35;Corporate;Gauteng
CUST-04418;Zanele Naidoo;43;Corporate;Western Cape
CUST-04419;Kayla Ndlovu;51;Consumer;KwaZulu-Natal
CUST-04420;Naledi Ndlovu;26;Consumer;Western Cape
CUST-04421;Amahle Mahlangu;44;Small Business;Western Cape
CUST-04422;Thabo Mabena;41;Consumer;Gauteng
CUST-04423;Kayla Sithole;29;Consumer;KwaZulu-Natal
CUST-04424;Jason Dlamini;35;Consumer;KwaZulu-Natal
CUST-04425;Thabo Mahlangu;51;Consumer;KwaZulu-Natal
CUST-04426;Kayla Mthethwa;43;Consumer;Western Cape
CUST-04427;Sipho Maseko;46;Consumer;Western Cape
CUST-04428;Kagiso Khumalo;30;Consumer;Limpopo
CUST-04429;Kayla Botha;26;Consumer;Gauteng
CUST-04430;Ayesha Molefe;31;Consumer;Gauteng
CUST-04431;Sipho Sithole;44;Consumer;Gauteng
CUST-04432;Neo Sithole;47;Small Business;Limpopo
CUST-04433;Ethan Peters;52;Small Business;Gauteng
CUST-04434;Amahle Williams;49;Consumer;Western Cape
CUST-04435;Amahle Mthembu;26;Small Business;Free State
CUST-04436;Neo Mthethwa;42;Consumer;Gauteng
CUST-04437;Sipho Van Wyk;41;Small Business;Gauteng
CUST-04438;Mia Maseko;36;Small Business;Gauteng
CUST-04439;Neo Nkosi;32;Consumer;Western Cape
CUST-04440;Aiden Mthethwa;45;Small Business;Gauteng
CUST-04441;Naledi Mthethwa;20;Consumer;Gauteng
CUST-04442;Ethan Khumalo;32;Consumer;KwaZulu-Natal
CUST-04443;Zanele Maseko;36;Consumer;KwaZulu-Natal
CUST-04444;Amahle Sithole;44;Small Business;Gauteng
CUST-04445;Thabo Mabena;47;Consumer;KwaZulu-Natal
CUST-04446;Lerato Mabena;19;Consumer;Gauteng
CUST-04447;Lerato Molefe;37;Consumer;Gauteng
CUST-04448;Kagiso Mahlangu;54;Small Business;Gauteng
CUST-04449;Aiden Ndlovu;18;Consumer;Western Cape
CUST-04450;Mpho Pretorius;38;Small Business;Free State
CUST-04451;Aiden Mokoena;33;Small Business;Limpopo
CUST-04452;Naledi Khumalo;43;Corporate;KwaZulu-Natal
CUST-04453;Mia Mthethwa;26;Consumer;Gauteng
CUST-04454;Chloe Mokoena;33;Consumer;Gauteng
CUST-04455;Aiden Naidoo;31;Consumer;KwaZulu-Natal
CUST-04456;Naledi Mabena;31;Consumer;Gauteng
CUST-04457;Liam Peters;34;Consumer;Western Cape
CUST-04458;Leah Mokoena;43;Small Business;KwaZulu-Natal
CUST-04459;Aiden Maseko;32;Consumer;Western Cape
CUST-04460;Naledi Mthethwa;30;Consumer;Gauteng
CUST-04461;Thabo Pillay;34;Small Business;Western Cape
CUST-04462;Ayesha Sithole;20;Small Business;Gauteng
CUST-04463;Ethan Williams;18;Consumer;Gauteng
CUST-04464;Liam Dlamini;38;Consumer;Gauteng
CUST-04465;Leah Naidoo;34;Small Business;Gauteng
CUST-04466;Ethan Ndlovu;36;Small Business;Western Cape
CUST-04467;Lerato Naidoo;37;Small Business;Western Cape
CUST-04468;Chloe Molefe;46;Small Business;Western Cape
CUST-04469;Zanele Molefe;55;Consumer;Gauteng
CUST-04470;Mpho Mahlangu;39;Small Business;Free State
CUST-04471;Lerato Mthembu;42;Consumer;Gauteng
CUST-04472;Ayesha Mthethwa;37;Consumer;KwaZulu-Natal
CUST-04473;Leah Peters;50;Consumer;Western Cape
CUST-04474;Mia Williams;56;Small Business;Gauteng
CUST-04475;Kagiso Sithole;44;Consumer;KwaZulu-Natal
CUST-04476;Mia Sithole;24;Consumer;Gauteng
CUST-04477;Chloe Mabena;41;Consumer;Limpopo
CUST-04478;Mia Sithole;43;Consumer;Gauteng
CUST-04479;Ethan Peters;44;Small Business;KwaZulu-Natal
CUST-04480;Chloe Dlamini;22;Corporate;Gauteng
CUST-04481;Liam Peters;39;Small Business;KwaZulu-Natal
CUST-04482;Zanele Mokoena;44;Small Business;Western Cape
CUST-04483;Sipho Khumalo;23;Consumer;Western Cape
CUST-04484;Zanele Mokoena;25;Consumer;Western Cape
CUST-04485;Nandi Sithole;29;Corporate;Gauteng
CUST-04486;Amahle Mahlangu;34;Consumer;Gauteng
CUST-04487;Leah Pretorius;41;Small Business;Western Cape
CUST-04488;Leah Williams;22;Small Business;Limpopo
CUST-04489;Mpho Mabena;25;Corporate;Gauteng
CUST-04490;Mpho Sithole;42;Consumer;Gauteng
CUST-04491;Thabo Nkosi;37;Consumer;Free State
CUST-04492;Naledi Sithole;39;Consumer;Gauteng
CUST-04493;Aiden Mahlangu;28;Small Business;Western Cape
CUST-04494;Ethan Dlamini;26;Consumer;Gauteng
CUST-04495;Leah Mahlangu;41;Consumer;KwaZulu-Natal
CUST-04496;Aiden Mokoena;39;Consumer;Free State
CUST-04497;Mia Botha;18;Consumer;KwaZulu-Natal
CUST-04498;Kagiso Williams;20;Consumer;KwaZulu-Natal
CUST-04499;Mpho Khumalo;55;Consumer;KwaZulu-Natal
CUST-04500;Nandi Van Wyk;33;Consumer;Gauteng
CUST-04501;Aiden Mahlangu;18;Consumer;Limpopo
CUST-04502;Aiden Mokoena;45;Small Business;Limpopo
CUST-04503;Jason Williams;50;Consumer;Free State
CUST-04504;Chloe Williams;50;Consumer;Gauteng
CUST-04505;Liam Mthembu;48;Consumer;Western Cape
CUST-04506;Sipho Peters;46;Small Business;Gauteng
CUST-04507;Naledi Williams;43;Consumer;Western Cape
CUST-04508;Ayesha Mthembu;23;Corporate;Limpopo
CUST-04509;Nandi Van Wyk;33;Small Business;Limpopo
CUST-04510;Jason Peters;48;Consumer;KwaZulu-Natal
CUST-04511;Kagiso Mabena;38;Consumer;Gauteng
CUST-04512;Jason Pillay;19;Consumer;Gauteng
CUST-04513;Naledi Mokoena;42;Small Business;Limpopo
CUST-04514;Leah Ndlovu;18;Small Business;Gauteng
CUST-04515;Kayla Jacobs;33;Consumer;Gauteng
CUST-04516;Daniel Mokoena;31;Small Business;Free State
CUST-04517;Thabo Molefe;48;Consumer;Gauteng
CUST-04518;Liam Williams;45;Consumer;Gauteng
CUST-04519;Mia Mahlangu;41;Consumer;Free State
CUST-04520;Neo Peters;25;Consumer;KwaZulu-Natal
CUST-04521;Thabo Mokoena;37;Consumer;Gauteng
CUST-04522;Jason Mokoena;41;Small Business;Western Cape
CUST-04523;Kagiso Pillay;41;Consumer;Limpopo
CUST-04524;Lerato Van Wyk;26;Consumer;Western Cape
CUST-04525;Leah Botha;18;Consumer;KwaZulu-Natal
CUST-04526;Lerato Nkosi;31;Small Business;Western Cape
CUST-04527;Daniel Mahlangu;37;Small Business;KwaZulu-Natal
CUST-04528;Mia Dlamini;37;Consumer;KwaZulu-Natal
CUST-04529;Nandi Peters;27;Consumer;Limpopo
CUST-04530;Liam Sithole;38;Consumer;Western Cape
CUST-04531;Leah Jacobs;29;Corporate;Western Cape
CUST-04532;Kagiso Peters;27;Consumer;Limpopo
CUST-04533;Kagiso Pretorius;23;Consumer;Gauteng
CUST-04534;Lerato Dlamini;43;Consumer;KwaZulu-Natal
CUST-04535;Amahle Van Wyk;32;Consumer;Gauteng
CUST-04536;Leah Dlamini;45;Consumer;Free State
CUST-04537;Leah Pillay;49;Small Business;Free State
CUST-04538;Aiden Pretorius;32;Consumer;Gauteng
CUST-04539;Kagiso Pretorius;19;Consumer;Gauteng
CUST-04540;Zanele Nkosi;37;Consumer;Western Cape
CUST-04541;Thabo Khumalo;53;Small Business;Limpopo
CUST-04542;Jason Mthethwa;44;Consumer;Gauteng
CUST-04543;Jason Dlamini;46;Small Business;Gauteng
CUST-04544;Mia Williams;68;Consumer;Gauteng
CUST-04545;Jason Sithole;28;Consumer;Gauteng
CUST-04546;Mia Botha;57;Consumer;Western Cape
CUST-04547;Zanele Pretorius;25;Consumer;Free State
CUST-04548;Kagiso Williams;52;Corporate;KwaZulu-Natal
CUST-04549;Mpho Mabena;50;Small Business;KwaZulu-Natal
CUST-04550;Ayesha Sithole;32;Corporate;Western Cape
CUST-04551;Kayla Jacobs;39;Consumer;Free State
CUST-04552;Naledi Mokoena;48;Consumer;Western Cape
CUST-04553;Thabo Maseko;54;Corporate;Western Cape
CUST-04554;Aiden Peters;47;Consumer;Free State
CUST-04555;Mia Jacobs;44;Corporate;KwaZulu-Natal
CUST-04556;Liam Nkosi;39;Consumer;Gauteng
CUST-04557;Ethan Nkosi;25;Consumer;Limpopo
CUST-04558;Lerato Peters;44;Consumer;Gauteng
CUST-04559;Sipho Mokoena;32;Corporate;Free State
CUST-04560;Naledi Ndlovu;50;Consumer;Gauteng
CUST-04561;Liam Sithole;47;Consumer;Gauteng
CUST-04562;Kayla Peters;38;Consumer;Western Cape
CUST-04563;Ethan Van Wyk;39;Consumer;Free State
CUST-04564;Liam Pretorius;18;Consumer;Gauteng
CUST-04565;Lerato Sithole;43;Corporate;Gauteng
CUST-04566;Mpho Mabena;26;Consumer;KwaZulu-Natal
CUST-04567;Lerato Molefe;33;Consumer;Limpopo
CUST-04568;Amahle Nkosi;53;Small Business;Western Cape
CUST-04569;Neo Dlamini;31;Small Business;Western Cape
CUST-04570;Chloe Botha;35;Consumer;Gauteng
CUST-04571;Ayesha Jacobs;28;Consumer;KwaZulu-Natal
CUST-04572;Jason Khumalo;60;Consumer;Western Cape
CUST-04573;Ayesha Botha;34;Consumer;Western Cape
CUST-04574;Naledi Botha;63;Consumer;Gauteng
CUST-04575;Thabo Pillay;50;Consumer;Limpopo
CUST-04576;Thabo Mthethwa;30;Consumer;KwaZulu-Natal
CUST-04577;Daniel Mthembu;42;Consumer;Limpopo
CUST-04578;Zanele Sithole;42;Consumer;KwaZulu-Natal
CUST-04579;Ethan Jacobs;55;Consumer;Gauteng
CUST-04580;Liam Mthembu;31;Small Business;Free State
CUST-04581;Daniel Dlamini;22;Consumer;KwaZulu-Natal
CUST-04582;Nandi Peters;29;Consumer;Limpopo
CUST-04583;Mia Williams;30;Small Business;Gauteng
CUST-04584;Sipho Molefe;36;Consumer;Western Cape
CUST-04585;Mia Peters;41;Consumer;Western Cape
CUST-04586;Aiden Jacobs;18;Small Business;Gauteng
CUST-04587;Aiden Maseko;36;Consumer;Limpopo
CUST-04588;Neo Naidoo;47;Consumer;Gauteng
CUST-04589;Jason Naidoo;32;Small Business;Gauteng
CUST-04590;Aiden Pretorius;36;Consumer;Western Cape
CUST-04591;Jason Ndlovu;43;Consumer;KwaZulu-Natal
CUST-04592;Liam Sithole;34;Consumer;Limpopo
CUST-04593;Sipho Botha;45;Small Business;KwaZulu-Natal
CUST-04594;Daniel Mthethwa;46;Consumer;Gauteng
CUST-04595;Ethan Mabena;33;Consumer;Western Cape
CUST-04596;Aiden Khumalo;40;Small Business;KwaZulu-Natal
CUST-04597;Thabo Maseko;32;Consumer;Western Cape
CUST-04598;Kagiso Khumalo;41;Consumer;KwaZulu-Natal
CUST-04599;Aiden Mahlangu;53;Small Business;Free State
CUST-04600;Zanele Nkosi;28;Consumer;KwaZulu-Natal
CUST-04601;Kagiso Mthembu;56;Consumer;Western Cape
CUST-04602;Chloe Peters;48;Consumer;Gauteng
CUST-04603;Aiden Jacobs;61;Small Business;Limpopo
CUST-04604;Ayesha Mthembu;25;Small Business;Gauteng
CUST-04605;Thabo Botha;18;Small Business;Gauteng
CUST-04606;Aiden Mthethwa;44;Consumer;Limpopo
CUST-04607;Mpho Naidoo;32;Consumer;KwaZulu-Natal
CUST-04608;Aiden Peters;31;Consumer;Limpopo
CUST-04609;Thabo Mthethwa;55;Consumer;KwaZulu-Natal
CUST-04610;Kagiso Pretorius;31;Consumer;Western Cape
CUST-04611;Liam Peters;41;Consumer;Gauteng
CUST-04612;Jason Jacobs;42;Small Business;Western Cape
CUST-04613;Nandi Peters;20;Consumer;Western Cape
CUST-04614;Leah Mokoena;29;Corporate;Gauteng
CUST-04615;Aiden Molefe;34;Consumer;Western Cape
CUST-04616;Kayla Nkosi;30;Consumer;Gauteng
CUST-04617;Naledi Williams;49;Small Business;Western Cape
CUST-04618;Ayesha Jacobs;44;Consumer;KwaZulu-Natal
CUST-04619;Sipho Mthethwa;45;Consumer;Limpopo
CUST-04620;Leah Mabena;28;Corporate;Limpopo
CUST-04621;Mia Botha;34;Consumer;Gauteng
CUST-04622;Aiden Peters;22;Corporate;Free State
CUST-04623;Ayesha Maseko;27;Consumer;Gauteng
CUST-04624;Kagiso Botha;42;Corporate;Free State
CUST-04625;Amahle Mokoena;26;Small Business;Gauteng
CUST-04626;Mpho Peters;54;Small Business;Limpopo
CUST-04627;Kagiso Dlamini;34;Small Business;Gauteng
CUST-04628;Aiden Pillay;43;Consumer;Gauteng
CUST-04629;Daniel Botha;18;Consumer;KwaZulu-Natal
CUST-04630;Amahle Mthethwa;20;Consumer;Gauteng
CUST-04631;Thabo Ndlovu;64;Consumer;Limpopo
CUST-04632;Nandi Maseko;32;Consumer;Limpopo
CUST-04633;Neo Van Wyk;48;Consumer;Limpopo
CUST-04634;Mia Ndlovu;41;Consumer;KwaZulu-Natal
CUST-04635;Aiden Peters;48;Consumer;Western Cape
CUST-04636;Lerato Mahlangu;50;Consumer;Limpopo
CUST-04637;Kayla Pretorius;34;Small Business;KwaZulu-Natal
CUST-04638;Amahle Dlamini;53;Consumer;Free State
CUST-04639;Kayla Botha;37;Consumer;Gauteng
CUST-04640;Kayla Mabena;32;Small Business;Gauteng
CUST-04641;Amahle Molefe;52;Corporate;Free State
CUST-04642;Daniel Ndlovu;22;Consumer;Gauteng
CUST-04643;Mia Mthethwa;41;Consumer;Western Cape
CUST-04644;Mpho Botha;23;Small Business;Free State
CUST-04645;Mia Nkosi;47;Consumer;Free State
CUST-04646;Liam Sithole;36;Consumer;Gauteng
CUST-04647;Kayla Mthembu;21;Small Business;Limpopo
CUST-04648;Neo Khumalo;41;Consumer;Western Cape
CUST-04649;Amahle Williams;18;Consumer;Free State
CUST-04650;Mpho Mahlangu;54;Consumer;Western Cape
CUST-04651;Sipho Maseko;33;Consumer;Western Cape
CUST-04652;Zanele Maseko;36;Consumer;Western Cape
CUST-04653;Thabo Khumalo;22;Consumer;Free State
CUST-04654;Jason Mthembu;36;Consumer;Gauteng
CUST-04655;Jason Williams;30;Small Business;KwaZulu-Natal
CUST-04656;Mia Mokoena;34;Consumer;Gauteng
CUST-04657;Nandi Mthembu;39;Consumer;Gauteng
CUST-04658;Kagiso Pretorius;22;Small Business;KwaZulu-Natal
CUST-04659;Thabo Maseko;32;Small Business;Western Cape
CUST-04660;Naledi Ndlovu;44;Consumer;Limpopo
CUST-04661;Daniel Peters;21;Consumer;KwaZulu-Natal
CUST-04662;Kagiso Nkosi;38;Small Business;Free State
CUST-04663;Zanele Mahlangu;30;Small Business;Gauteng
CUST-04664;Jason Ndlovu;50;Consumer;Gauteng
CUST-04665;Kayla Mthembu;38;Consumer;Limpopo
CUST-04666;Thabo Van Wyk;21;Consumer;Western Cape
CUST-04667;Nandi Sithole;18;Small Business;Western Cape
CUST-04668;Chloe Molefe;35;Small Business;Gauteng
CUST-04669;Mpho Khumalo;48;Small Business;KwaZulu-Natal
CUST-04670;Thabo Peters;48;Consumer;Gauteng
CUST-04671;Chloe Mokoena;43;Consumer;Western Cape
CUST-04672;Liam Khumalo;31;Consumer;KwaZulu-Natal
CUST-04673;Zanele Williams;40;Consumer;Gauteng
CUST-04674;Mia Mokoena;53;Small Business;Western Cape
CUST-04675;Leah Nkosi;21;Consumer;Gauteng
CUST-04676;Ayesha Jacobs;46;Consumer;Free State
CUST-04677;Ethan Dlamini;28;Consumer;Western Cape
CUST-04678;Thabo Naidoo;22;Consumer;Western Cape
CUST-04679;Zanele Mahlangu;34;Consumer;Gauteng
CUST-04680;Jason Botha;19;Consumer;KwaZulu-Natal
CUST-04681;Thabo Mokoena;31;Consumer;Free State
CUST-04682;Zanele Botha;34;Consumer;Gauteng
CUST-04683;Mia Sithole;49;Consumer;Limpopo
CUST-04684;Chloe Molefe;44;Consumer;Gauteng
CUST-04685;Ayesha Mokoena;26;Consumer;Gauteng
CUST-04686;Kayla Mthembu;47;Consumer;Gauteng
CUST-04687;Chloe Mahlangu;45;Consumer;Gauteng
CUST-04688;Amahle Pretorius;52;Consumer;Gauteng
CUST-04689;Ethan Mabena;39;Consumer;Limpopo
CUST-04690;Mia Mthethwa;18;Consumer;Free State
CUST-04691;Leah Mahlangu;35;Consumer;KwaZulu-Natal
CUST-04692;Mia Peters;23;Consumer;Gauteng
CUST-04693;Aiden Molefe;50;Corporate;Gauteng
CUST-04694;Thabo Williams;43;Consumer;Western Cape
CUST-04695;Chloe Van Wyk;21;Corporate;KwaZulu-Natal
CUST-04696;Kayla Jacobs;38;Small Business;Free State
CUST-04697;Nandi Dlamini;34;Consumer;Gauteng
CUST-04698;Sipho Mthethwa;34;Consumer;Free State
CUST-04699;Nandi Khumalo;18;Consumer;Limpopo
CUST-04700;Neo Molefe;39;Consumer;Western Cape
CUST-04701;Leah Sithole;28;Corporate;Free State
CUST-04702;Ayesha Sithole;27;Consumer;Gauteng
CUST-04703;Aiden Mabena;31;Consumer;Western Cape
CUST-04704;Kagiso Nkosi;30;Consumer;Gauteng
CUST-04705;Daniel Pretorius;51;Small Business;Gauteng
CUST-04706;Chloe Van Wyk;52;Small Business;Gauteng
CUST-04707;Kagiso Peters;40;Consumer;Gauteng
CUST-04708;Sipho Dlamini;38;Consumer;Gauteng
CUST-04709;Ethan Ndlovu;56;Consumer;Western Cape
CUST-04710;Zanele Ndlovu;53;Consumer;Gauteng
CUST-04711;Sipho Naidoo;35;Consumer;Gauteng
CUST-04712;Kagiso Maseko;43;Small Business;Western Cape
CUST-04713;Jason Mahlangu;59;Consumer;Gauteng
CUST-04714;Amahle Nkosi;23;Consumer;Limpopo
CUST-04715;Ethan Mahlangu;23;Consumer;Western Cape
CUST-04716;Naledi Botha;18;Small Business;Gauteng
CUST-04717;Mpho Botha;54;Consumer;KwaZulu-Natal
CUST-04718;Thabo Mahlangu;42;Consumer;Gauteng
CUST-04719;Sipho Peters;23;Consumer;Western Cape
CUST-04720;Leah Mokoena;18;Consumer;KwaZulu-Natal
CUST-04721;Chloe Khumalo;58;Consumer;KwaZulu-Natal
CUST-04722;Naledi Pretorius;48;Consumer;Gauteng
CUST-04723;Chloe Khumalo;35;Consumer;Gauteng
CUST-04724;Ayesha Sithole;30;Consumer;Gauteng
CUST-04725;Kagiso Pretorius;37;Consumer;Western Cape
CUST-04726;Kayla Peters;35;Consumer;Gauteng
CUST-04727;Chloe Mthethwa;24;Consumer;Western Cape
CUST-04728;Liam Pillay;36;Corporate;Free State
CUST-04729;Liam Molefe;39;Small Business;Limpopo
CUST-04730;Amahle Mahlangu;54;Small Business;Gauteng
CUST-04731;Leah Mabena;18;Consumer;Limpopo
CUST-04732;Mpho Mthembu;36;Consumer;KwaZulu-Natal
CUST-04733;Amahle Sithole;18;Corporate;KwaZulu-Natal
CUST-04734;Naledi Pretorius;32;Consumer;Gauteng
CUST-04735;Zanele Khumalo;21;Small Business;Gauteng
CUST-04736;Mia Pretorius;42;Consumer;Free State
CUST-04737;Aiden Sithole;45;Consumer;Gauteng
CUST-04738;Jason Dlamini;39;Consumer;KwaZulu-Natal
CUST-04739;Aiden Van Wyk;23;Consumer;Western Cape
CUST-04740;Kagiso Pretorius;30;Small Business;Western Cape
CUST-04741;Zanele Mabena;30;Consumer;Free State
CUST-04742;Amahle Mabena;59;Consumer;Gauteng
CUST-04743;Thabo Jacobs;31;Small Business;Gauteng
CUST-04744;Thabo Botha;42;Consumer;Gauteng
CUST-04745;Jason Williams;49;Consumer;Free State
CUST-04746;Jason Peters;65;Consumer;Gauteng
CUST-04747;Thabo Mahlangu;31;Consumer;KwaZulu-Natal
CUST-04748;Chloe Pretorius;39;Consumer;Gauteng
CUST-04749;Ethan Mahlangu;34;Consumer;Gauteng
CUST-04750;Lerato Khumalo;27;Consumer;Gauteng
CUST-04751;Thabo Botha;50;Small Business;Western Cape
CUST-04752;Daniel Mahlangu;27;Corporate;Western Cape
CUST-04753;Kagiso Dlamini;30;Consumer;Gauteng
CUST-04754;Mpho Peters;18;Consumer;Gauteng
CUST-04755;Amahle Mabena;55;Consumer;Western Cape
CUST-04756;Ayesha Molefe;38;Consumer;Gauteng
CUST-04757;Neo Jacobs;32;Consumer;KwaZulu-Natal
CUST-04758;Chloe Mokoena;52;Consumer;Western Cape
CUST-04759;Liam Mokoena;38;Consumer;Gauteng
CUST-04760;Chloe Nkosi;32;Consumer;Gauteng
CUST-04761;Ethan Pillay;35;Consumer;KwaZulu-Natal
CUST-04762;Liam Sithole;36;Consumer;Gauteng
CUST-04763;Ethan Mokoena;35;Corporate;KwaZulu-Natal
CUST-04764;Naledi Naidoo;55;Consumer;Free State
CUST-04765;Ayesha Mokoena;40;Small Business;Limpopo
CUST-04766;Mpho Mahlangu;32;Consumer;Western Cape
CUST-04767;Jason Sithole;49;Consumer;Western Cape
CUST-04768;Kayla Mabena;54;Small Business;Western Cape
CUST-04769;Naledi Williams;20;Consumer;KwaZulu-Natal
CUST-04770;Liam Khumalo;45;Consumer;Western Cape
CUST-04771;Nandi Maseko;22;Small Business;Gauteng
CUST-04772;Mpho Mokoena;34;Small Business;Gauteng
CUST-04773;Nandi Jacobs;29;Consumer;KwaZulu-Natal
CUST-04774;Daniel Ndlovu;41;Consumer;Western Cape
CUST-04775;Liam Maseko;45;Consumer;Limpopo
CUST-04776;Mpho Ndlovu;39;Consumer;Free State
CUST-04777;Mpho Khumalo;49;Consumer;Gauteng
CUST-04778;Ayesha Mabena;42;Small Business;Gauteng
CUST-04779;Kagiso Pretorius;40;Corporate;KwaZulu-Natal
CUST-04780;Ethan Molefe;33;Consumer;Western Cape
CUST-04781;Ethan Mahlangu;39;Consumer;Western Cape
CUST-04782;Naledi Williams;31;Small Business;KwaZulu-Natal
CUST-04783;Zanele Mthembu;42;Small Business;Free State
CUST-04784;Kayla Van Wyk;29;Consumer;Gauteng
CUST-04785;Chloe Naidoo;18;Consumer;Free State
CUST-04786;Mpho Nkosi;18;Consumer;Free State
CUST-04787;Kayla Jacobs;49;Small Business;Western Cape
CUST-04788;Amahle Mabena;32;Consumer;Western Cape
CUST-04789;Mia Mthethwa;36;Small Business;Gauteng
CUST-04790;Neo Mabena;47;Corporate;Gauteng
CUST-04791;Liam Pretorius;52;Consumer;Gauteng
CUST-04792;Aiden Pillay;42;Small Business;Gauteng
CUST-04793;Zanele Van Wyk;31;Small Business;Gauteng
CUST-04794;Sipho Khumalo;38;Consumer;KwaZulu-Natal
CUST-04795;Kayla Mthethwa;44;Consumer;Western Cape
CUST-04796;Nandi Khumalo;30;Small Business;Western Cape
CUST-04797;Naledi Maseko;39;Consumer;KwaZulu-Natal
CUST-04798;Leah Ndlovu;32;Consumer;Limpopo
CUST-04799;Chloe Maseko;29;Consumer;Gauteng
CUST-04800;Chloe Pretorius;37;Consumer;Gauteng
CUST-04801;Ayesha Pretorius;34;Small Business;Gauteng
CUST-04802;Thabo Pretorius;23;Consumer;Gauteng
CUST-04803;Nandi Dlamini;51;Consumer;Western Cape
CUST-04804;Mia Mthembu;18;Consumer;Limpopo
CUST-04805;Leah Pretorius;26;Consumer;Gauteng
CUST-04806;Naledi Williams;18;Small Business;Gauteng
CUST-04807;Thabo Mokoena;28;Consumer;Limpopo
CUST-04808;Naledi Botha;37;Consumer;KwaZulu-Natal
CUST-04809;Chloe Maseko;28;Consumer;Gauteng
CUST-04810;Chloe Ndlovu;34;Consumer;Gauteng
CUST-04811;Chloe Jacobs;45;Consumer;Western Cape
CUST-04812;Zanele Williams;45;Consumer;KwaZulu-Natal
CUST-04813;Sipho Khumalo;36;Consumer;Western Cape
CUST-04814;Aiden Ndlovu;35;Small Business;Gauteng
CUST-04815;Mia Mthethwa;31;Corporate;Free State
CUST-04816;Amahle Sithole;37;Corporate;Gauteng
CUST-04817;Ethan Molefe;43;Consumer;Gauteng
CUST-04818;Ethan Jacobs;46;Consumer;Western Cape
CUST-04819;Leah Pillay;27;Consumer;Western Cape
CUST-04820;Jason Maseko;47;Small Business;Western Cape
CUST-04821;Kayla Mokoena;36;Consumer;Western Cape
CUST-04822;Zanele Peters;50;Small Business;Limpopo
CUST-04823;Liam Jacobs;51;Consumer;KwaZulu-Natal
CUST-04824;Ayesha Naidoo;24;Consumer;Gauteng
CUST-04825;Aiden Van Wyk;40;Consumer;Gauteng
CUST-04826;Daniel Mahlangu;23;Consumer;Western Cape
CUST-04827;Ethan Mthembu;34;Consumer;Western Cape
CUST-04828;Leah Mokoena;32;Small Business;Western Cape
CUST-04829;Amahle Williams;27;Consumer;Gauteng
CUST-04830;Naledi Mthembu;38;Consumer;Free State
CUST-04831;Daniel Mabena;33;Consumer;Western Cape
CUST-04832;Mpho Mokoena;36;Consumer;KwaZulu-Natal
CUST-04833;Ayesha Maseko;18;Small Business;KwaZulu-Natal
CUST-04834;Thabo Peters;29;Consumer;Western Cape
CUST-04835;Naledi Van Wyk;18;Consumer;Gauteng
CUST-04836;Chloe Mthethwa;45;Corporate;Western Cape
CUST-04837;Amahle Pretorius;32;Consumer;Gauteng
CUST-04838;Daniel Dlamini;40;Consumer;Gauteng
CUST-04839;Leah Sithole;41;Small Business;Free State
CUST-04840;Leah Molefe;34;Small Business;Western Cape
CUST-04841;Zanele Pillay;29;Consumer;Gauteng
CUST-04842;Mia Maseko;40;Consumer;Gauteng
CUST-04843;Lerato Williams;38;Consumer;KwaZulu-Natal
CUST-04844;Sipho Botha;31;Consumer;Gauteng
CUST-04845;Sipho Molefe;40;Consumer;Limpopo
CUST-04846;Daniel Molefe;41;Consumer;Western Cape
CUST-04847;Amahle Pillay;49;Consumer;Gauteng
CUST-04848;Kayla Peters;22;Consumer;Western Cape
CUST-04849;Kagiso Van Wyk;44;Consumer;Western Cape
CUST-04850;Daniel Naidoo;38;Consumer;Western Cape
CUST-04851;Ayesha Williams;41;Consumer;KwaZulu-Natal
CUST-04852;Liam Khumalo;29;Consumer;KwaZulu-Natal
CUST-04853;Jason Nkosi;37;Small Business;Gauteng
CUST-04854;Naledi Botha;30;Consumer;KwaZulu-Natal
CUST-04855;Chloe Nkosi;39;Consumer;Western Cape
CUST-04856;Naledi Khumalo;18;Corporate;KwaZulu-Natal
CUST-04857;Amahle Molefe;28;Corporate;KwaZulu-Natal
CUST-04858;Nandi Sithole;33;Small Business;Limpopo
CUST-04859;Zanele Ndlovu;24;Small Business;Limpopo
CUST-04860;Leah Molefe;38;Consumer;Gauteng
CUST-04861;Nandi Nkosi;47;Consumer;Gauteng
CUST-04862;Kagiso Maseko;18;Small Business;Gauteng
CUST-04863;Neo Peters;36;Consumer;Western Cape
CUST-04864;Daniel Mthethwa;19;Consumer;Gauteng
CUST-04865;Mia Dlamini;24;Consumer;Gauteng
CUST-04866;Kayla Peters;32;Corporate;Free State
CUST-04867;Daniel Van Wyk;36;Consumer;Gauteng
CUST-04868;Mpho Mabena;35;Corporate;Western Cape
CUST-04869;Daniel Botha;27;Consumer;KwaZulu-Natal
CUST-04870;Nandi Dlamini;35;Consumer;Western Cape
CUST-04871;Nandi Williams;29;Consumer;Limpopo
CUST-04872;Nandi Molefe;54;Consumer;Gauteng
CUST-04873;Lerato Van Wyk;18;Small Business;Free State
CUST-04874;Thabo Dlamini;33;Consumer;Gauteng
CUST-04875;Ayesha Pillay;26;Consumer;Western Cape
CUST-04876;Neo Naidoo;47;Consumer;Western Cape
CUST-04877;Nandi Mthethwa;42;Consumer;Limpopo
CUST-04878;Mpho Nkosi;31;Consumer;Gauteng
CUST-04879;Kagiso Pillay;27;Consumer;Western Cape
CUST-04880;Jason Ndlovu;33;Small Business;Gauteng
CUST-04881;Kagiso Botha;25;Small Business;Gauteng
CUST-04882;Mpho Naidoo;60;Consumer;Gauteng
CUST-04883;Ethan Mthethwa;30;Consumer;Gauteng
CUST-04884;Kayla Ndlovu;47;Small Business;Free State
CUST-04885;Kayla Dlamini;33;Consumer;KwaZulu-Natal
CUST-04886;Leah Ndlovu;31;Consumer;Limpopo
CUST-04887;Mia Mthethwa;26;Small Business;Western Cape
CUST-04888;Lerato Botha;32;Consumer;Western Cape
CUST-04889;Mia Pillay;29;Small Business;Free State
CUST-04890;Liam Mthembu;45;Consumer;Gauteng
CUST-04891;Jason Mahlangu;20;Consumer;Free State
CUST-04892;Nandi Mabena;33;Small Business;Free State
CUST-04893;Mia Pillay;42;Consumer;Western Cape
CUST-04894;Liam Mabena;40;Consumer;KwaZulu-Natal
CUST-04895;Lerato Pretorius;45;Small Business;Western Cape
CUST-04896;Lerato Molefe;33;Consumer;Western Cape
CUST-04897;Liam Khumalo;34;Consumer;Western Cape
CUST-04898;Ethan Naidoo;24;Small Business;Gauteng
CUST-04899;Leah Peters;53;Consumer;KwaZulu-Natal
CUST-04900;Mpho Williams;39;Small Business;KwaZulu-Natal
CUST-04901;Naledi Mahlangu;60;Consumer;Gauteng
CUST-04902;Thabo Williams;23;Corporate;Western Cape
CUST-04903;Zanele Williams;34;Consumer;Western Cape
CUST-04904;Thabo Mahlangu;20;Corporate;Gauteng
CUST-04905;Naledi Pretorius;36;Consumer;Gauteng
CUST-04906;Leah Mokoena;30;Consumer;Gauteng
CUST-04907;Amahle Mabena;21;Consumer;KwaZulu-Natal
CUST-04908;Aiden Pretorius;38;Consumer;Gauteng
CUST-04909;Amahle Peters;35;Consumer;Gauteng
CUST-04910;Liam Naidoo;34;Consumer;Gauteng
CUST-04911;Amahle Mthethwa;24;Small Business;Western Cape
CUST-04912;Ethan Mthethwa;49;Small Business;Western Cape
CUST-04913;Zanele Pillay;51;Consumer;Gauteng
CUST-04914;Chloe Mthembu;40;Small Business;Gauteng
CUST-04915;Zanele Mthembu;39;Consumer;Free State
CUST-04916;Naledi Botha;43;Consumer;Western Cape
CUST-04917;Ethan Mahlangu;33;Consumer;Gauteng
CUST-04918;Kagiso Mokoena;30;Consumer;Gauteng
CUST-04919;Mpho Botha;43;Consumer;Gauteng
CUST-04920;Zanele Khumalo;40;Consumer;Western Cape
CUST-04921;Aiden Naidoo;34;Small Business;Western Cape
CUST-04922;Mia Ndlovu;47;Consumer;Free State
CUST-04923;Kayla Nkosi;35;Consumer;Gauteng
CUST-04924;Lerato Naidoo;46;Consumer;KwaZulu-Natal
CUST-04925;Zanele Khumalo;42;Consumer;Limpopo
CUST-04926;Aiden Mthembu;45;Consumer;Western Cape
CUST-04927;Sipho Dlamini;37;Consumer;Gauteng
CUST-04928;Naledi Pretorius;33;Consumer;Free State
CUST-04929;Kayla Naidoo;57;Consumer;Limpopo
CUST-04930;Chloe Dlamini;25;Small Business;Western Cape
CUST-04931;Mia Pillay;39;Consumer;Western Cape
CUST-04932;Jason Pretorius;35;Consumer;Western Cape
CUST-04933;Naledi Mokoena;56;Consumer;Limpopo
CUST-04934;Jason Ndlovu;37;Consumer;Western Cape
CUST-04935;Neo Mahlangu;26;Consumer;Gauteng
CUST-04936;Daniel Mokoena;40;Consumer;Limpopo
CUST-04937;Ethan Peters;23;Consumer;Gauteng
CUST-04938;Naledi Nkosi;37;Consumer;Gauteng
CUST-04939;Daniel Dlamini;50;Consumer;KwaZulu-Natal
CUST-04940;Mia Williams;37;Consumer;Western Cape
CUST-04941;Jason Dlamini;42;Consumer;Gauteng
CUST-04942;Thabo Jacobs;22;Consumer;Gauteng
CUST-04943;Ethan Van Wyk;38;Consumer;Western Cape
CUST-04944;Thabo Molefe;50;Consumer;Western Cape
CUST-04945;Liam Nkosi;23;Corporate;KwaZulu-Natal
CUST-04946;Naledi Mahlangu;45;Small Business;Gauteng
CUST-04947;Liam Ndlovu;44;Small Business;Gauteng
CUST-04948;Mpho Maseko;32;Small Business;Gauteng
CUST-04949;Lerato Botha;33;Consumer;KwaZulu-Natal
CUST-04950;Daniel Mthethwa;18;Consumer;Western Cape
CUST-04951;Nandi Khumalo;34;Consumer;KwaZulu-Natal
CUST-04952;Leah Botha;18;Consumer;Western Cape
CUST-04953;Zanele Pillay;39;Consumer;Limpopo
CUST-04954;Nandi Mahlangu;24;Consumer;Western Cape
CUST-04955;Kagiso Van Wyk;45;Small Business;Gauteng
CUST-04956;Jason Williams;29;Small Business;Gauteng
CUST-04957;Aiden Khumalo;25;Corporate;Gauteng
CUST-04958;Thabo Nkosi;31;Consumer;Gauteng
CUST-04959;Jason Pillay;38;Small Business;Gauteng
CUST-04960;Zanele Ndlovu;45;Consumer;Western Cape
CUST-04961;Mpho Pillay;18;Consumer;Gauteng
CUST-04962;Liam Sithole;40;Consumer;Gauteng
CUST-04963;Jason Jacobs;32;Corporate;Western Cape
CUST-04964;Ethan Maseko;22;Consumer;Free State
CUST-04965;Zanele Pretorius;43;Consumer;Gauteng
CUST-04966;Lerato Molefe;39;Consumer;Limpopo
CUST-04967;Zanele Ndlovu;49;Consumer;KwaZulu-Natal
CUST-04968;Mia Peters;41;Consumer;Gauteng
CUST-04969;Ethan Williams;50;Consumer;KwaZulu-Natal
CUST-04970;Daniel Maseko;48;Consumer;Gauteng
CUST-04971;Kayla Pillay;35;Small Business;KwaZulu-Natal
CUST-04972;Zanele Sithole;30;Consumer;Gauteng
CUST-04973;Aiden Mthethwa;45;Consumer;Western Cape
CUST-04974;Zanele Pretorius;62;Consumer;Gauteng
CUST-04975;Daniel Mabena;37;Consumer;Limpopo
CUST-04976;Ayesha Mthembu;38;Consumer;Gauteng
CUST-04977;Naledi Peters;26;Consumer;Limpopo
CUST-04978;Aiden Molefe;32;Consumer;Gauteng
CUST-04979;Sipho Molefe;27;Consumer;Western Cape
CUST-04980;Kagiso Pillay;53;Consumer;Western Cape
CUST-04981;Sipho Van Wyk;18;Consumer;KwaZulu-Natal
CUST-04982;Chloe Nkosi;40;Consumer;Free State
CUST-04983;Sipho Pretorius;43;Consumer;Gauteng
CUST-04984;Thabo Pretorius;51;Consumer;KwaZulu-Natal
CUST-04985;Liam Mthethwa;38;Small Business;Gauteng
CUST-04986;Thabo Peters;30;Consumer;Gauteng
CUST-04987;Leah Sithole;38;Small Business;KwaZulu-Natal
CUST-04988;Lerato Maseko;30;Consumer;Free State
CUST-04989;Aiden Nkosi;28;Consumer;Limpopo
CUST-04990;Ayesha Jacobs;41;Consumer;Free State
CUST-04991;Ayesha Nkosi;39;Small Business;Western Cape
CUST-04992;Zanele Mthethwa;41;Consumer;Gauteng
CUST-04993;Sipho Sithole;35;Consumer;KwaZulu-Natal
CUST-04994;Neo Maseko;37;Consumer;Western Cape
CUST-04995;Ayesha Ndlovu;49;Consumer;Limpopo
CUST-04996;Nandi Botha;28;Consumer;Limpopo
CUST-04997;Chloe Mthembu;35;Consumer;Western Cape
CUST-04998;Chloe Molefe;51;Corporate;Western Cape
CUST-04999;Mpho Mthembu;26;Small Business;KwaZulu-Natal
CUST-05000;Thabo Mthethwa;46;Small Business;Gauteng
